# The claim map — which domain proposition each sentence warrants, with CLASS arguments.
#
# The `args` column holds `urn:` IRIs, emitted as `ConstRef`s in the consequent. Each must OCCUR in
# the parsed proposition or the emitter fails closed (`GradeError::ArgumentNotInProposition`): a lift
# may narrow what a sentence means, but it may not introduce a subject the sentence never mentioned.
#
# Classes, exactly as the parser put them in the terms:
#   umlscui:C0388246   WRN
#   wn:n14606137       exonuclease   (a WordNet synset)
#   umlscui:C0920283   helicase      (a UMLS concept — different lexicon, same slot)
#
# sentence <TAB> predicate <TAB> args <TAB> subject_iri <TAB> declared_by <TAB> rationale
MSI cancer models had the exonuclease activity of WRN.	urn:eigenius:demo:onco-typed:HasActivity	urn:eigenius:umlscui:C0388246,urn:eigenius:wn:n14606137	urn:eigenius:pub:wrn:gene_WRN	demo:shape-rules	The MEASUREMENT. Lifts the parsed sentence to HasActivity(WRN, exonuclease) — the antecedent the pinned literature rule speaks of.
MSI cancer models required the helicase activity of WRN.	urn:eigenius:demo:onco-typed:RequiresActivity	urn:eigenius:umlscui:C0388246,urn:eigenius:umlscui:C0920283	urn:eigenius:pub:wrn:gene_WRN	demo:shape-rules	The ACTIVITY sentence. The document asserts this; the very same proposition is ALSO concluded by applying the literature rule to the measurement above, so it ends up justified twice over — once because it was written, once because it follows.
