# D95 quantity corpus: CNL-register sentences derived from the WRN methods (and D95 examples), each
# with the consumer its quantity is expected to meet. TAB-separated:
#   sentence <TAB> relations <TAB> values <TAB> source
# relations: the ontology relations every reading contains (space-separated), or `gap`.
# values: the quantities every reading renders, in base units as verbalize prints them
#   (`;`-separated); for a gap, the construction that is missing and where it is decided.
# Checked by kernel/tests/quantity_corpus.rs over the bootstrap chain and content-words.esl.
The flask was incubated at 37 °C for 1 h.	prep_at_value prep_for_value	6203/20 K;3600 s	methods: incubated at 37 °C for 1 h
The plates were spun at 931g for 2 h at 30 °C.	prep_at_value prep_for_value	7200 s;6063/20 K	methods: spun at 931g for 2 h at 30 °C (931g: gram or standard gravity)
The cells were centrifuged at 1,000g for 5 min.	prep_at_value prep_for_value	300 s	methods: centrifuged at 1,000 r.p.m. for 5 min
The samples were stored at −80 °C.	prep_at_value	3863/20 K	D95: stored at −80 °C
The slides were denatured at 85 °C for 3 min.	prep_at_value prep_for_value	7163/20 K;180 s	methods: denatured at 85 °C for 3 min
The cells were propagated for 2 weeks.	prep_for_value	1209600 s	methods: propagated for 2 weeks
The cells were incubated for 45 min.	prep_for_value	2700 s	methods: incubating at room temperature for 45 min
The cells were harvested after 72 h.	prep_after_value	259200 s	methods: after 24 h of puromycin selection
The colonies were counted after 9 days.	prep_after_value	777600 s	methods: nine days after doxycycline treatment
The cells were resuspended in 50 μl.	prep_in_value	1/20000000 m^3	methods: in 0.2 ml of medium
The mice received a dose of 5 mg/kg.	prep_of_value	1/200000	D95: a dose of 5 mg/kg
The tumours reached a volume of 2,000 mm³.	prep_of_value	1/500000 m^3	methods: maximal tumour volumes of 2,000 mm³
The cells were treated with 10 μM etoposide.	prep_with has_quantity	1/100 m^-3·mol	methods: treated with 10 μM etoposide
The cells were treated with 10 μM etoposide and with 1 mM hydroxyurea.	prep_with has_quantity	1/100 m^-3·mol;1 m^-3·mol	methods: with 10 μM etoposide and 1 mM hydroxyurea, the preposition repeated
The cells were treated with 10 μM etoposide and 1 mM hydroxyurea.	gap	a coordinated NP as an adjunct preposition's object: no parse without quantities either (`treated with the dose and the diet`); over the full lexicon `treat` governs `with` and it parses; not D95	methods: with 10 μM etoposide and 1 mM hydroxyurea
The medium was supplemented with 10% FBS.	prep_with has_quantity	1/10	methods: medium supplemented with 10% fetal bovine serum
The cells were fixed with 3% formalin for 30 min.	prep_with has_quantity prep_for_value	3/100;1800 s	methods: fixed with 10% formalin for 30 min
The medium contained 2 μg ml⁻¹ puromycin.	has_quantity	1/500 m^-3·kg	methods: medium containing 2 μg ml⁻¹ puromycin
The diet contained 625 mg kg⁻¹ doxycycline.	has_quantity	1/1600	methods: diet containing 625 mg kg⁻¹ doxycycline hyclate
The cells were electroporated with 50 ng plasmid.	prep_with has_quantity	1/20000000000 kg	methods: electroporated with … 50 ng pmaxOrange_GG
The temperature was 37 °C.	has_quantity	6203/20 K	D95: the temperature was 37 °C
The concentration was 10 μM.	has_quantity	1/100 m^-3·mol	CNL: a predicated concentration
The medium was replaced after 24 h.	prep_after_value	86400 s	methods: After 24 h, the medium was replaced
After 24 h, the medium was replaced.	gap	a fronted PP adjunct: no parse for NP objects either (`After the dose, …`); not D95	methods: After 24 h, the medium was replaced
The RNA was purified 72 h after transduction.	gap	a measure phrase modifying a PP (`72 h after X`): not in D95's slices	methods: RNA was purified 72 h after transduction
The cells were treated with 10 μg ml⁻¹ of colcemid.	gap	a pseudo-partitive (`MP of N`): not in D95's slices	methods: treated with 10 ml of colcemid (OCR lost μg)
The medium was changed every 3 days.	gap	`every N unit`: out of v1 (D95 Scope)	methods: changed every 3 days
The lysates were fractionated in 4–12% gels.	gap	a range: out of v1 (D95 Scope)	methods: fractionated in 4–12% Bis-Tris gels
