# The adjective sense judge's placements (D97 decision 7; eigenius#263) — generated by
# `specialist-senses resolve` from adjective-senses.jsonl; do not edit by hand.
# 1339 items: 1073 on the senses accepted at confidence >= 0.85; 98 on the senses the judge
# said yes to below it; 168 gaps (`-`), where it said no to every sense — a use WordNet has no
# sense for (decided 2026-09-30).
# lemma <TAB> preposition <TAB> WordNet adjective offsets
abashed	at	00531628
ablaze	with	00270496,01726021
abreast	of	01306645
absent	from	01847672
absolved	from	01320184
absorbed	by	02009166
absorbed	in	00163948
abstemious	with	02401863
abstract	without	-
absurd	of	-
acceptable	for	01020709,01124768
acceptable	to	00017782,01020709
accepting	of	00076127
acceptive	of	00075952,01985557
accessible	to	00019131,00134251,00183675,00533221
accessory	to	02355248
accommodating	in	00020787
accompanied	by	02250899,02252053
accordant	with	00552841,00577122
accoutered	for	01094398
accumulated	over	-
acquainted	with	00965894
acquiescent	to	01612627
acquitted	on	01320474
active	in	00034710,01515280
actuated	by	01558641
adaptable	to	01027263
adapted	to	01540637
addicted	to	00047029
addressed	to	00050641
adequate	for	00051045,02336109
adequate	to	00051045,02336109
adjacent	to	00444984,00566342
adjusted	to	00350621,00352536
admissive	of	01985812
adnate	to	02483386
advanced	in	00816839,01211296,01840121
advantageous	to	00064479,00931833
adverse	to	00997036
advisable	to	-
affirmable	of	01821920
aflame	with	01726021
aflare	in	01563147
aflare	with	00475308
afraid	of	00077645,01293396
aggravated	by	00114266
agleam	with	00279092
agreeable	to	00089051,00553279
agreed	in	02476338
aground	on	00077449
akin	to	02071782
alert	to	00190653
alien	to	01349927
alight	on	-
alike	in	01410606
alive	to	00190653,02106366
alive	with	00805115
all in	at	-
allegiant	to	00961667
alone	in	00505853
altered	to	01540637
amenable	to	00696828,01997415,02361325,02362499
analogous	to	02071973
analogous	with	02071973
angry	about	00113818
angry	at	00113818
angry	with	00113818
anomalous	in	01596455
answerable	for	01997221
antagonistic	to	00508480,00623565,00760577,01245138
anterior	to	00122128
antipathetic	to	01245138,01293542
anxious	to	00811248
apparent	to	01618376
appealable	to	00132849
appointed	for	00847196
appreciative	of	00774676,01146732
apprehensive	for	00079069
apprehensive	of	00079069
appressed	by	-
approachable	from	00019349
apt	at	01334958
argumentative	to	-
armed	for	00142407
armed	with	00142407,00144877,00146210
aroused	to	02014514
arranged	around	01681028
arranged	for	01571869
arrayed	in	00454849
asleep	at	00187736
associable	with	00157659
assuming	for	00205696
astir	over	00032358
astonished	by	02357810
at a loss	to	01765926
at loggerheads	over	01245441
at odds	with	00578234
at variance	with	00554098
at work	for	-
attachable	by	00161431
attached	to	00157925,00160425,01465468,01973311
attentive	to	00163592
attractable	by	01469927
atypical	of	02469928
auxiliary	to	02354897
available	at	-
available	for	00183053,01062631
available	in	00183053
available	to	00183053
average	of	-
avid	for	00888477
awake	to	00190653
aware	of	00190115
awed	by	02012157
awful	of	-
awkward	with	00480439,01140514
awol	for	01848171
back	of	-
bad	of	-
baked	in	02551946
bareheaded	by	-
barren	of	00927978
bashful	about	00204249
beaded	with	01695160
befogged	with	00436385
beforehand	with	00813915
befouled	with	00420480
behind	by	02492383
behindhand	with	01901082
bemused	by	01766133
bent	on	01990172
bent	upon	01990172
bereft	of	01364817
berserk	with	02074673
besprent	with	02547953
better	in	00230335
better	to	-
big	of	01114658
big	with	00173391
bitter	about	00116744
black	from	00421002
black	with	00396296,00421002
blase	about	00545484,01343200
blind	to	01746292
blinking	in	01655386
bloody-minded	about	02327078
blue	in	-
boggy	under	02548066
bookable	in	-
bored	with	02432682
born	of	01733462
bound	for	01682822
bound	to	00340626,01064806
bound up	in	00518405
bound up	with	01973655
boundless	in	01007657
bowed down	with	00869690
boxed	in	00258090,01657233
boxed in	by	01657233
brave	of	00262792
breathless	at	00267871
bright	by	01812237
bright	with	00271022
brimful	of	01084091
brimming	over	-
broad	in	00526062,01101891,02560548
broken	to	02388441
brushed	against	02445207
bucked up	by	01805489
burdened	by	00868241,00869461
burdened	with	00868241,00869461
burned-out	before	-
bushed	after	-
busy	with	00035978,00292937
cancerous	within	00227301
canopied	by	01695363
capable	of	00051373,00306314,00308015,02361540
carefree	with	01998260
careful	of	00309021,01977488
careful	to	00309021
careful	with	00309021,01895099
careless	about	00311663
careless	of	01194099
carven	from	00317008
cased	in	00257032,02155054
casual	about	01190484
catholic	in	00287128
caught up	in	01515525
censorious	of	00648089
central	to	01277097
certain	of	00336831
certain	to	00340239
chagrined	at	00531628
changed	in	00352716,00354433
charged	with	00854989
charitable	to	00359459,01372948
charitable	towards	00359459,01372948
cheap	at	00934199
cheerless	about	-
chockablock	with	01084297
choked	with	01621268
chuffed	to	-
chummy	with	00452114
circumspect	about	01898490
clad	in	00453726,02155233
clean	for	00047653
clean-cut	against	00780011
cleanly	in	-
clear	about	00435190
clear	of	01062938,01320184,01582598
clever	to	-
clogged	up	01621268
clogged	with	00868448,01621268
close	to	00444519,00446921
close	with	01113225
closed	to	01653538,01657760,01986349,02002580
clouded	by	00436544,02457015
clouded	with	02457015
cognate	with	01973823,01973969
coiled	on	-
coincident	with	00561757,02378496
cold	before	-
cold	by	-
cold	in	00096815
cold	to	01251128,01466775
combed	to	02429066
come-at-able	by	01822153
comfortable	in	00476819,00479330
comme il faut	for	01878870
committed	to	00518164
common	in	00485711,00970610
common	to	02152473
commutable	to	00348198
comparable	to	00503982,02063554
comparable	with	00503982
compatible	with	00507464,00509039,00509576
complementary	to	00049016,02381963
complete	in	00520214,01750386
completed	by	00521329,00551950
comprehensible	to	00532892
concerned	about	00543603
concerned	at	00543603
concerned	by	00543603
concerned	for	00543603
concerned	with	00543603,01515692
concordant	with	00577122
conditional	on	00555325
conditioned	by	01637032
conditioned	with	-
confident	in	00338817
confident	of	00337172,00338817
conformable	to	00577122,00696828,01612878
confused	with	-
congealed	into	-
congruent	to	00561600,00562116
congruent	with	00562116
congruous	with	00507912,00562116
conjugate	to	02477211
connected	to	00566099,01650581,01651346,01973311,02568884
connected	with	00566099,01973311
conscious	of	00190960,00570590
consecrated	to	00573225
consistent	with	00576680
consonant	to	00577122
consonant	with	00577122
conspicuous	for	00579084
constant	in	00583239
constitutional	in	00901345
consumptive	of	01867502
contemporaneous	with	02378191,02378872
contemporary	with	02378872
conterminous	with	00481463,00566342
contiguous	to	00566342
contiguous	with	00566342
continent	to	-
contingent	on	00555859
contingent	upon	00555859
contradictory	to	00508750,00578234
contrary	to	02065958
convenient	for	00604617
convenient	to	00604617
convertible	into	00348537,00916706
convertible	to	00348537,00916706
convinced	of	00337172
cool	to	02531422
coolheaded	in	00530772
cornered	between	01064913
correct	in	00631391,00633410
cosmopolitan	in	00635955,01106614
courteous	to	00639842,00641460
covetous	before	00888765
coy	about	00701894
crazy	about	00886448
crazy	to	-
criminal	in	01322323
crimson	with	00395626
critical	for	00903894
critical	in	-
critical	of	00647542,00649586
critical	to	00903894
crowned	with	00653822,01381777
crucial	for	00655779
crucial	to	00655779,01487943
cured	in	01072196
curious	about	00664449,01342572
cursed	with	00669478
cut	down	01566027
dabbled	with	01695891
damp	with	02548820
daring	of	-
dark	on	00036763
dazzled	at	00436920
dead set	against	01990172
deadlocked	over	01621424
deaf	to	01194328
dear	to	00452883,01462324
decent	by	01538311
decorous	in	00688947
dedicated	to	00519211,00573225
dedifferentiated	of	00744669
deep	in	00445937,00692762
deficient	in	00052012
defined	against	00780712
degage	after	02407855
dehydrated	after	01176057
delicate	to	02448324
demonic	in	01132515
dependable	in	02301969
dependant	on	00047406,00556174
dependant	upon	00047406,00556174
dependent	on	00047406,00556174,00725772
dependent	upon	00047406,00556174,00725772
depressed	by	00703615
designed	for	01339730
desolate	of	01232507
despondent	about	01230153
destined	for	01682822
destitute	of	00927978
detached	from	00568304,02110447
determinable	by	00738593
devoted	to	00519477
dexterous	of	00062367
different	from	01410363,02064745
different	to	01410363,02064745
difficult	of	00744916
digressive	with	00768397
diminished	in	00554879,00882580
diminutive	in	01392249
direct	to	-
disabused	of	00866182
discontented	with	00589624
discordant	with	00553899
discouraged	about	01664880,01992418
discouraged	by	01664880
disdainful	of	01891109
dishonorable	in	01227137
disinclined	to	01293158
disloyal	to	00962634
dismissive	of	01343411
disorganized	to	-
dispensed	to	00540826
disproportionate	to	00482059,00483048
disqualified	by	00853225
disrespectful	of	01994602
dissimilar	to	01410363,01410905,02073113
distal	to	00778363,00778680
distant	from	00442917,00443075,00445548,00450606
distinct	from	02067063
distraught	with	00085870
distressed	about	02457167
dividable	by	00785406
dizzy	with	02544048
domestic	in	01038808
done	with	01003536
dosed	with	01955670
doubtful	about	00338013
down	by	02491961
down	in	00703615
downcast	after	00703615
drained	of	00359260,01088478
draped	with	01695505
dreamy	in	-
drenched	in	01696165
dressed	in	00454440
drilled	in	01912145
driven	to	01558749
driving	at	-
drowsy	by	00188436
drunk	with	00920260
dry	for	00799953
dry	of	01867052
dubious	about	00338013,00338669
due	for	00929916
dull	at	00440579,00806512
dull	to	02107634
dulled	by	00405406,00800597,01343679
dumbfounded	by	02358277
dying	to	00811248
easy	on	00477553
easy	to	00749230
economic	to	-
effaceable	by	00897759
effective	in	00510644,00834198,00839225
effectual	in	00834198
efficacious	against	00838856
efficacious	for	00838856
elated	at	00704609
electric	with	02406640
elegant	to	-
elevated	in	00881432
elliptical	to	00548029
embarrassed	by	00154270,00531628
embarrassed	to	-
embedded	in	01328419,01657967
emblematic	of	01982186,02469119
embroiled	in	01516014
emotional	over	00085630
empty	of	01086545,01498084
encased	in	02155054
encumbered	with	00867916
endemic	in	01427757
endemic	to	01036383,01106815,01427757
endowed	with	00671091
engaged	in	00293611
enlarged	to	01383935
enlivened	by	00118844
enmeshed	in	00255453
entangled	in	01065321,01516014
enthusiastic	about	00885695
entire	during	-
entitled	to	00852425
envious	of	00888765
episodic	in	-
equal	in	00889831
equal	to	00051045,00889831
equipped	for	01844002
equipped	with	01094049,01096990,01844002
erasable	in	00897759
essential	for	01276150,01580306
essential	to	00900616,01276150,01580306
ethereal	of	00706455
even	with	00891170,00909545
exacting	in	00985608
excusable	by	01721197,01722039
exemplary	of	02469119
exempt	from	02365397,02400929
exigent	over	00710585
existing	in	01847101
expedient	to	-
extraneous	to	01976532,02117464
faint	from	02544525
faithful	to	00022219,00958880,00960629
fallen	in	-
fallible	to	-
familiar	to	00965606,00970249
familiar	with	01307067
famished	for	01269506
far	from	00442361
farther	from	00443490,00443988
fast asleep	on	-
fastened	with	00254746,00296625,02095936
fastidious	about	00983862
fatal	to	00993529,01050088
fattening	up	-
favorable	to	00995119,01246801
favourable	to	00995119
fazed	by	00532147
fearful	of	00079485
fed up	with	01806677
fertile	in	01865967
feudatory	to	02329606
fine	in	00850183
firm	after	01059711
first	in	00228294
fishy	about	01917594
fit	for	01020393,01931203
flabby	around	01019713
flat	on	01239040
fleet	of	00978199
fleshed out	with	00522680
fluent	in	00150505
flush	with	00910542,02022167
following	in	-
fond	of	01292683,01464700
foreign	to	01349927
forgetful	of	00165943,01978003
fortunate	in	01047874
forward	with	00204491
fouled	with	00420480
fractious	to	00747226
frantic	in	02390724
frantic	with	00086341
fraught	with	01084900
free	from	00927978,01061489
free	of	00927978,01061489
free	with	01061489
fresh	from	01067694
fresh	to	01687167
friendly	to	01246801
friendly	with	01074650
fringed	by	00258587
frozen	with	01564881
full	of	01083157
full-clad	from	00522680
fundamental	to	01277097
furious	about	00114454
further	from	00443988
fussy	about	00984624
fuzzed	like	00214165
galling	to	00089550
game	for	00263994
garbed	in	00454440
gauche	to	-
gay	for	-
generous	in	00106182,01114434
girlish	for	01648698
glad	about	01361414
glad	of	01146920
glassy	with	02237761
glazed	over	-
gloomy	at	00703615
glued	to	00159106
goaded	by	02521758
gone	with	01450084
good	about	-
good	for	00064787,00832784,01123148,01166413,01661289
good	of	01129977,02036934
good enough	for	01124192
good-natured	to	-
grateful	for	01146493
grateful	to	01146493
grating	in	00299476
graven	in	00317310
graven	on	00317310
great	with	00173391
greater	in	01395330
greedy	for	00029933,00888477
green	around	02545257
greyed	with	00405406
guilty	of	01320988
haggard	from	02433000
halting	from	00290784
handy	with	00062626
hard	on	00744916,01127302
hard put	to	02457558
harmful	to	01160031
harmonious	with	00562308,00894029
hatless	in	-
haunted	by	00544478,01311705
hazy	in	-
heard	through	01609762
heartsick	to	-
heavy	with	00173391,01085268
heedful	of	01194483,01977488
heedless	of	01193714
hell-bent	on	01991166
helpless	with	01827946
heraldic	of	00498286
het	up	-
het up	about	00855309
hewn	through	00663576
high	in	01210854
hired	for	00360041,00864346
hitless	for	02334717
hollow	with	02263982
homologous	to	01220052,01220640
homozygous	for	01200705
hopeful	of	01228530
hopeless	at	02229812
hospitable	for	01242101
hospitable	to	01986134
hostile	to	01243373,01244410,01987093
hot	on	00811421,02132607
hungry	for	00888200
hypercritical	of	00648345
hypersensitive	to	02360944
identical	to	02064127,02068946
identical	with	02064127,02068946
idle	during	00037188
ignoble	in	01589217
ignorant	about	00830981,01308894
ignorant	of	00830981,00831225,01308894
ill	from	02541302
ill at ease	among	00480439
ill-advised	to	-
imitation	of	-
imitative	of	01217579
immanent	in	00468574
immediate	past	-
immune	from	02365900
immune	to	00072281
impassive	in	-
impatient	for	00811536
impatient	with	01737241
impelled	to	01558749
impenetrable	to	00534918,01771632
impermeable	to	01772609
impertinent	of	00205295
impious	toward	01995863
implicated	in	01516346
implicit	in	00941485
important	to	00655779,01275562,02161432
imposed	by	00848838
impractical	for	01836350
improbable	to	-
improper	to	00136185,01880531
imprudent	of	01899360
imputable	to	00171872
in evidence	during	-
in line	at	00852576
in line	for	00128137,00852576
in operation	during	-
in order	for	01931517
in store	for	01733189
inactive	by	00033574
inappropriate	for	00135718
inappropriate	to	00135718
inarticulate	with	00151105
incapable	of	00307474,00308188,02364066
incidental	to	00122844,00903264,01856929
incoherent	with	00152104
incommensurate	with	00481855
incomparable	with	00504592
incompatible	with	00508192,00509206,00509896,00578523,00623565,01487352
incompetent	at	01128103
incongruous	with	00562469
inconsistent	with	00562803,00577920
inconvenient	for	01662384
incorporated	into	01328604
incorrect	for	01881478
incumbent	on	01580601
incumbent	upon	01580601
incurious	about	00665587
indebted	to	01617004,01617144
indecent	by	01539022
indefinite	about	00336564
independent	from	00727564
independent	of	00727564,01062393
indifferent	to	00546452,01194328,01280576
indiscreet	at	-
indispensable	to	00903668,01580306
indistinguishable	from	00582876,02064127
inductive	to	00324013
indurate	to	02107162
inefficacious	in	00839411
ineligible	for	00852988
infatuated	with	01465668
infective	without	02114746
inferior	to	02297409
infirm	of	01992555
inflamed	with	01177105
inherent	in	00941940
inhuman	in	01263971
inhumane	to	01262611
innocent	of	00927978,01309220,01319874
innocent	until	01319874
inquisitorial	to	00879624
insensible	of	02107827
insensible	to	02102796
insensitive	to	02105375,02106761
inside	of	00950592,00953213,01693799
inside	out	01693799
insistent	on	-
insistent	upon	-
instrumental	in	01196775
integral	to	01348528
interactive	with	00623356,01946439
interested	in	01342237,01515692
intimate	with	00453053,00453308,00936038,02132735
intoxicated	by	00920260
intrinsic	in	01348258
intrinsic	to	01348258
involved	in	00868603,01514827,01658386
irenic	without	-
irreverent	to	-
irreverent	towards	02012504
jam-packed	with	00560100
jammed	with	00560100
jealous	of	00888765,02464105
jilted	at	-
judgmental	to	-
judicial	in	-
junior	to	02100709
keen	on	01744515
kind	about	01041209
kind	to	01242282,01372049
knowledgeable	about	00936038,01307850
lacking	in	00052012
laden	with	00869972,01085661
laid	in	-
laid up	with	02545484
lank	with	01434841
large	in	00579622
late	for	01901186
lavish	in	01111965
lax	in	00755482
lazy	to	-
leal	to	00962135
left	over	00926505
lesser	of	01395488
lethargic	with	00875712
liable	for	01997583,02366365
liberated	from	01058650,01063102
light	in	02544525
light-headed	with	02544525
like	in	01410606
likely	to	01411451,01413247
littered	with	02424949
live	from	01422556
livid	with	00115906,00404568
loaded	with	01085661
loaded down	with	00868241,00869690
long	on	00015589,01444434
longanimous	in	-
loose	on	01062114
lost	in	00535170,02419159
lost	on	00535170
lousy	with	-
low	in	01212469,02336759
lowest	in	00230076
ludicrous	to	02570643
luminous	with	00279332
lying in wait	in	02089811
lyrical	about	00856011
mad	about	02390724
mad	at	00115193
mad	for	02390724
mad	over	00115193
mad	with	02390724
magnanimous	toward	01114658
magnanimous	towards	01114658
majestic	in	01285136,02339791
malevolent	toward	00225564
marooned	by	02251576
marred	by	00246727
massive	of	01185916
material	to	01487627
mature	for	01491775
meanspirited	in	01115081,01589650
mediocre	to	-
meticulous	in	00984879,01838529
middling	at	-
militant	in	00083003
mindless	of	01978003
mired	in	00868603
missing	in	01450178
moderate	in	01509367,02402078
modest	to	-
moist	with	02548820
monogamous	for	01544347
monstrous	for	01131454
mortified	by	00154270
mortifying	to	01803335
most	of	-
moved	to	01559903
mysterious	past	-
mystifying	to	00939444
naive	in	02271544
naked	from	00457998
naked	to	01886783
native	to	01036083
near	to	00444519,00451872,00452883
neck-deep	in	01516605
neglectful	of	00755220,00755876
negligent	of	00754873
nervous	about	00919813
nervous	of	00919813
nescient	of	00831225
nestled	against	00449889
nettled	from	01806106
nettlesome	of	-
new	to	00024996,00937186
next	in	00127948
next	to	00447472
nice	about	00984333
noncommittal	about	00702444
nonessential	to	00903264
nonexempt	from	02366200,02400218
nonrational	in	-
nonresistant	to	02362178
not guilty	of	01320474
notable	for	01375831,02586957
notched	like	02247785
noted	for	01375831
noticeable	for	01286799
notorious	for	01984411
numb	with	00080698,02103333
obedient	to	01612053
obligated	to	01616474
oblivious	of	00192026
oblivious	to	00192026
observant	of	01395821
obsessed	with	00544478
obtuse	to	00772492
occupied	with	00293611
occurrent	in	00667641
odious	to	01460679
off the hook	with	-
offending	against	01631025
offensive	against	01631386
older	of	-
on	for	01651741
on guard	against	00162661
on hand	from	00185020
on the loose	in	01062114
on your guard	in	00162661
one	with	01330506,02477885
opaque	to	00433115
open	to	01652902,01886620,01985247,02361540,02523664
operative	in	00832347
opposable	to	01662510
opposite	to	02067913
oppressed	by	00869972
orbicular	in	02041229
oriented	toward	01682229
out	at	02061487
out	of	00974908
outfitted	for	01094855,01097484
outspoken	in	00499530
outspoken	without	-
overcautious	in	00326296
packed	with	00560100
paltry	for	02502994
panicked	before	00080357
parallel	to	01718158
parallel	with	01718158
paramedical	to	-
parasitic	upon	00726723
partial	to	01292683
particular	about	00984624
particular	over	-
patched	with	01789481
patient	with	01735736
peculiar	to	01104026
peeved	about	01806106
perceivable	through	01747849
permissible	in	01760944,01762404
perpendicular	to	01720280
perplexing	to	00430756
personal	to	01616157
perspicacious	to	-
pertinacious	of	-
pertinent	to	00138314,01975833
pervious	to	01773234
pictured	in	01935301
pissed	at	01806106
pitch-dark	in	-
pitted	with	00327690
planned	in	01842963
plastered	with	02427718
pleased	with	01805157,01892506
pleasurable	to	01801029
poised	between	00894272
poised	for	00894272
politic	to	-
ponderable	from	01815309
poor	in	02024411
popular	with	01815838
populated	with	01312215
positive	of	00337172
possessed	by	00599468
posterior	to	00123485
potty	about	01465668
practicable	for	01835663
practical	in	01834304,01940651
precipitate	in	01270868
preconditioned	to	01844241
predisposed	to	02362348
predominant	over	00792202
preferred	above	-
pregnant	with	01084900
preoccupied	with	00544478
prepared	for	01095085,01843380,02565425
present	in	01846413
present	to	-
pressing	to	-
privy	to	01308089
productive	of	01865197,01867295
profligate	of	02422242
prolific	in	01082115
prolific	of	01082115
prominent	in	00579622,00580805
prompt	to	01931676
prone	to	01292884
proper	to	01104889
proportional	to	00482673,00482948
proportionate	to	00481737,00482227,00894029
prospective	in	01883898
prostrate	with	01239040
protective	against	01887076
protective	towards	02449177
proud	of	01889256
provable	to	01619105
proximate	to	00450147,01579608
prudent	to	-
pumped	up	-
pumped up	for	02407346
punctilious	in	01838529
punctual	at	01900349
puritanical	in	01300370
qualified	for	01911053,01958259
queasy	about	02456157,02545689
queer	about	00968010
quick	about	00978754
quick	at	01335903
quick	with	01335903
quick-sighted	into	01745653
quiet	for	01922763
quits	with	00892104
quotable	in	-
rational	over	-
ready	for	01930512
ready	with	01335903
ready and waiting	for	01931926
rearing	on	-
reasonable	of	-
reassured	by	00339599
receptive	to	01773420,01985247
reckless	of	00250739,00312757
reconcilable	with	01986483
red	from	00395626
red-faced	with	00395626,00531887
redeemable	for	00916965,01956229
redolent	of	01056897,01977669
reducible	to	00883611
redundant	by	-
referent	to	00722886
reflective	of	-
refractory	to	01614127,02452562
regenerate	by	01956964
regretful	over	01150475
related	by	01971237
related	to	01971237,01972820
relative	to	00482673
religious	in	02085740
reluctant	to	00811969,01293882
remarkable	for	01678417,02163602
remote	from	00450606
repayable	in	00137501
repeatable	in	-
repellent	to	00007990,01625893
replete	with	01085442
reprehensible	for	-
representable	in	00943683
representative	of	01981699,02469407
required	by	00848466
resentful	at	00116529
reserved	in	01987341
resident	in	02125409
resistant	to	00007990,01774869,02363614,02435383
resolute	against	01989669
resolvable	into	-
resolved	to	01991267
resonant	with	01977669
respectful	to	-
responsible	for	00324878,01996377
responsible	to	01996377
responsive	to	01999306,02105176
rested	from	-
restrained	in	02402078
restricted	in	02002227
retentive	of	01772914
revelatory	of	02091300
reverse	to	-
revised	by	00353101,00354176
rheumy	with	01173795
rich	in	02024143,02026785
rife	with	00015720
right	in	-
rigid	with	01564603
ripe	for	01661289,01931807
ripe	in	-
robed	in	00454440
roiled	by	01806106
rolled	up	-
rooted	in	-
rotten	in	-
roughshod	over	00788268
rousing	to	01897607,02307026
rusty	on	02230205
sacred	to	00519823
sacrilegious	to	02012748
saddled	with	00870127
safe	at	02061307
safe	for	00066933,02057829
safe	from	00066933,02057829
saleable	at	02061799
same	in	00355611,01411065,02062670
saving	by	02421919
scarce	during	-
scared	to	00079629
scarred	by	01480684
sceptical	about	02463847
sceptical	of	02463847
scheduled	for	02366716
schoolgirlish	for	-
secondary	to	01473558,01853461,01857956
secret	about	-
secret	from	00028984,02090069
secure	against	02093888,02526124
secure	from	02093888
selective	in	01863246
self-conscious	about	00480965,00570991
self-possessed	in	-
senior	to	02099774
sensible	of	00191265
sensitive	about	02105990
sensitive	to	02102484,02103481,02105990
sentient	of	00571424
separate	from	00568541,02109678
separated	at	01318510
separated	from	00568304,02110447
serene	in	00529657
servile	to	00790086
set	for	01681307,01931203
set	on	02126430
set	upon	02126430
severable	from	00785002
severe	to	01301316
shaky	on	02095037
shamefaced	at	01538690
shaped	to	02149787
sheathed	in	02154756
shed	at	-
short	of	02336904
short-handed	at	-
shortened	by	00004615,01437472,01442597
shrewd	to	-
shut	against	01655162
shy	of	00162863,02337558
sibylline	in	00899738
sick	at	-
sick	of	01806677
significant	at	02165655
silly	by	00437223
similar	to	01410606,02071420,02381495
simple	to	01793812
sinful	to	-
single-minded	in	01991267
singular	in	01678417
skeptical	about	02463847
skeptical	of	00647247,02463847
slack	in	00755482
slaphappy	with	00437223
slashed	with	01790348
slick	by	-
slicked up	for	02423865
slippy	from	02234781
slow	in	00980527
small	for	01391351,01415219,01649031
smiling	with	-
smothered	with	01697425
sniffy	about	01891109
snug	in	00477284
snuggled	in	00449889
soft	on	01156112,01763159
solicitous	about	00164681,00544860
sore	over	00115193
sorry	about	01150475
sorry	for	01150475
sound	on	01944088
special	about	00488187
specific	to	01103021,01105233
splashed	with	01695891
splattered	with	01695891
spread	over	00540977
spread	with	01844858
spread-eagle	on	01432318
standard	of	-
starting	from	01354430
startled	by	02359051
stationary	with	-
sticking	over	01353982
stinting	in	02421364
stocked	with	01097690
straight	in	00022962
straightforward	in	00897223
strange	to	00966753
stretched	on	01432452
stricken	by	00071242,02542148,02545385
stricken	with	00071242,02542148,02545385
stripped	off	-
strung	on	03154362
stuck	in	00161065
stunning	with	-
stupid	from	00436645
subject	to	00071559,02361540
subordinate	to	00792991,02329355
subservient	to	01196775,02330064
suitable	for	00852197,01020885
suitable	to	01020885
suited	in	00456739
supererogatory	of	01581305
superior	to	00072436,00792769,02100566,02341266
superstitious	in	01927061
supplemental	to	00049879,01854129
supplementary	to	00049879,01854129
supported	by	02350729,02352650
supportive	of	02354537
supposed	to	01617255
supreme	among	02344512
sure	of	00336831
surefooted	of	00306909
surmounted	by	03149619
surprised	by	02357479
surrounded	by	01658666
susceptible	to	02360448
suspended	in	02351692
suspicious	of	02464277
swelled	with	01890187
swollen	by	01891773
sympathetic	to	02072923,02374914
synchronous	with	02377651
tactless	to	-
taken up	in	00544478
taking	in	-
tardy	in	01901186
tattered	past	-
telescoped	like	01437472
temperate	in	01509367,02401590
tempered	with	01521139
tenacious	to	02327569
terminative	with	01010569
thick	with	00015480
thickspread	with	01698000
thin	in	00542359,02164913,02412164
thirsty	for	00888200
thoughtful	of	00639230,01194483
thoughtless	of	00639594
through	with	01003536
thrown	for	02493395
thunderstruck	by	02358277
tied	by	02478215
tied up	at	-
timbered	up	02574706
tired	of	02431728
tolerant	of	00286837,01736883,02435383,02436341
tongue-tied	with	00152104
torn	between	02483011
torpid	in	00034322,00188155
touched	by	01559903,02445093
tough	after	00478311
tracked	by	02453616
transferable	to	00093556,01523724
translatable	into	00348537,02489092
translatable	to	02489092
transmutable	into	00348537
traveled	over	02454206
treacherous	of	-
trim	by	00991301
true	to	00959530,02465519
trussed	up	-
twisted	out	-
typical	of	00357556,02468635
ulterior	to	00123485,00451291
umbrageous	at	00115494
unacceptable	by	02298766
unacceptable	in	00018584
unaccommodating	to	01198188
unaccompanied	by	02111486
unaccustomed	to	00024834
unacquainted	with	00966960,01309220
unadapted	to	00351991
unadvised	of	01309526
unaffected	by	00071992
unafraid	of	00081671
unaltered	through	-
unappreciative	of	01147300
unassuming	to	-
unattached	to	00568881
unattended	with	02251899
unavailable	during	-
unbecoming	to	01880918
unbitter	toward	00117235
unblessed	with	00671683
unburdened	by	00869138,00870303
uncertain	about	00337404
uncertain	of	00337404,00341405
uncharacteristic	of	00357983
unclean	to	00427786
unclear	on	00430191
uncombed	with	-
uncommon	during	00487653
unconcerned	with	00545015,01516961
uncongenial	to	00561036,01243373
unconnected	by	-
unconnected	to	00567593
uncontaminated	by	01907711,01909718
uncritical	of	00648816
uncurled	on	-
undaunted	by	00264459,01991783
undecided	about	00519103,00686356
undefeated	in	00695024
under fire	for	02524900
undesirous	of	00889334
undismayed	by	01991783
undistorted	by	01310545
undone	at	-
uneasy	with	00480439
unendowed	with	00671441
unenlivened	by	00120132
unequal	in	00892379
unequal	to	00051696
unequipped	for	01095555
unfaithful	to	00024139,00959731
unfastidious	in	00985387
unfavorable	for	00995468,00996448,01129644
unfavorable	to	00995468,00996448,01129644
unfavourable	for	00995468,00996448,01129644
unfavourable	to	00995468,00996448,01129644
unfeasible	in	01823574
unfit	for	01017738,01021301
unflappable	in	00530047
unforbearing	with	01737698
ungenerous	to	01115081
unglazed	to	-
unhampered	by	01063958,02001984
unhappy	over	01149494
unhurried	with	01737084
unhurt	by	01319712
uninspired	by	00923066
uninterrupted	by	00291338,00594413
union	during	-
unique	to	01105042
united	in	02475855
united	with	01481812,02475855
unknown	into	00966753
unlikely	to	01412415
unlooked-for	in	00930765
unmatched	in	00505410
unmoved	by	01560320
unmusical	by	-
unobtainable	in	00186193
unoriented	until	-
unparalleled	in	00505853
unpatronized	by	01738895
unperceivable	to	01748318
unqualified	to	-
unread	in	01309835
unrecognized	in	-
unregretful	about	01150771
unrelated	to	01972596,01974740
unreleased	for	-
unrentable	in	01963378
unresponsive	to	01999766,02364347,02531775
unruffled	by	-
unsatisfied	with	02078788
unseemly	to	-
unselective	in	00776406
unshaken	in	01991783
unskilled	in	02228335
unspoiled	of	-
unstable	following	00345494
unstable	in	02291843
unstudied	in	00831903
unsuccessful	in	01082714,02333453
unsuccessful	with	-
unsuitable	for	01021607,01129823
unsupported	by	02353026
unsure	of	00337404
unswayed	by	00072790
unswerving	in	00583581
unsympathetic	to	00561359,02375828
untested	in	00937732
untidy	in	02424254
untouched	by	00072790,01560320
untrained	in	01912613
untried	in	00937732
untroubled	by	02459109
untrue	to	00584403,00960481
unused	by	00025138
unvarying	in	02506029
unweaned	until	-
unwilling	to	02566015
unworthy	of	02588099,02588421
up to their necks	in	01516605
upfront	about	00766348
upright	in	02036934
upset	to	-
upstage	with	-
used	to	02495687
useful	for	01090820,02495922
useful	in	01090820,02495922
useful	to	01090820,02495922
useless	in	02497141
vain	about	01891773
valid	for	00938659,02498708
variant	in	02505415
velvet	in	-
ventral	in	00132385
vexing	to	00089550
vindictive	in	01041634
visible	to	02515341
vital	for	00903894
vital	to	00903894
vocal	with	01454494
void	in	02500590
void	of	01088351
volumed	with	01097847,01390778
vulnerable	to	02326482,02363166,02523275
waiting	for	01931926
wanting	in	00052012
warm	for	00479192
warmed	up	-
wary	in	00162386
washed	in	02551141
waspish	about	01135420
weak	in	00441523,02230471
weighed down	with	00869690,01085268
weighted	down	01189853
weighted	in	00351012
well	with	01048762
well-read	in	01308259
white	of	01130932
white	with	00404568
whole	in	01171396
wide	of	00024241
wild	about	00886448,01727303
wise	with	-
withdrawn	from	-
woozy	from	02544048
word-perfect	in	00632071
worked up	about	00085630
worried	about	00822907
worse	in	-
worthy	of	01021120
wound up	for	02405677
woven	into	02579469
wrapped	in	00163948,01695505,02087594
wrapped up	in	00518405
writ large	on	01619880
written	down	-
wrong	for	00136185
wrong	to	-
wrong	with	01092371
yellow	to	-
yielding	to	01026552,02329220
young	for	01649720
younger	of	-
