# The verb sense judge's placements (D97 decisions 1 and 6, slice 2) — generated by
# `specialist-senses --pos verb resolve` from verb-senses.jsonl; a preposition is placed
# only where the judge's sentence shows it right after the verb; do not edit by hand.
# 1702 items: 1363 on the senses accepted at confidence >= 0.85; 114 on the senses the judge
# said yes to below it; 225 gaps (`-`), where it said no to every sense — a use WordNet has no
# sense for (decided 2026-09-30).
# lemma <TAB> complement (a preposition, `object`, `clause`) <TAB> WordNet verb offsets
aberrate	object	-
abide	at	-
abide	by	00668099
abide	in	02637202
abide	with	-
abound	in	02715279
abound	with	02715595
abstain	from	01196037
accede	to	00804139,00878348,02381397
accommodate	to	00299580
accord	object	02255268
accord	with	02700104
account	for	00867644,02607432
account	to	00965035
ache	for	01805684
ache	with	02121511,02122164
act	as	00010435,01095899,02525447
act	for	01095899
act	on	02367363,02525447
act	upon	02367363
adapt	to	00150287
add	on	00182406
add	to	02324478,02745172
adhere	to	00486557,01220885,01356750,02638630,02638845,02718178
adjoin	to	-
adjourn	for	02428487
adjourn	till	00364297,02428487
adjourn	to	02428487
adjourn	until	00364297,02428487
adjust	to	00150287
administer	to	-
admit	of	02745486
admit	to	00817311,02449847
advance	against	01992503
advance	on	01992503
advance	to	00248659,01111028,01992503,02397637
advance	upon	01992503
advert	to	01024190,01026728
advertise	for	00976653
advertize	clause	00975902
advertize	for	00976653
advise	on	00872886
advocate	for	00827730,00875141
affiliate	object	-
affiliate	to	02435311
affiliate	with	02435311,02589245
agglutinate	object	01222016
aggregate	to	02627555
agitate	for	02585050,02589576
agree	about	00805376,01035530
agree	object	-
agree	on	00805376,01035530
agree	to	00764222
agree	with	00805376,02291135,02657219,02741793
aim	at	00705517,00713015,01026975,01151110
aim	for	00705517,00708980,01151110
air	out	00488770,02112891
alight	from	01978576
alight	on	01978576,01978700
alight	upon	01978576,01978700
allow	clause	00723545
allow	for	00723545,00724150,02721438
alternate	between	00121506
alternate	with	00121214,00121506
amplify	on	00839834
amplify	upon	00839834
angle	for	01141612,01319346
animadvert	about	00827158,01027668
animadvert	on	00827158,01027668
animadvert	upon	00827158,01027668
answer	for	02746017
answer	with	00815686
apologise	for	00892923,00894738
apologise	to	00892923
apologize	for	00892923
apologize	to	00892923
appeal	for	00755447
appeal	to	00755447,01024864,01807882
appear	for	02597762
apply	for	00765396
apply	to	00765396,02676789,02707429
approve	of	00673983,00806502
argue	about	00772189,00773432
argue	against	00772189,00772640
argue	for	00772189,00772640
argue	in	00772189
argue	in behalf of	00772189
argue	in favor of	00772189
argue	on	00772189
argue	on behalf of	00772189
argue	over	00773432
argue	with	00773432
arise	from	00339738,01968569,02624263,02625786
arm	with	-
arrange	for	01021629
arrive	at	02005948
ask	after	00784342
ask	in	-
ask	out	-
ask	over	-
ask	round	00752493
ask	to	-
assist	in	02414710,02547586
associate	with	02470175,02589245
atone	for	01796800,02520509
attach	to	01290255,01290422,02538086
attain	to	02006834,02020590,02526085
attend	on	02540670
attend	to	02170427,02549581
augur	for	-
auspicate	clause	-
avail	against	-
award	object	02261888,02262278
babble	about	00937208,01037650,01065630
back	into	01997119
back	onto	01997119,02693965
back	through	01997119
backfire	on	02378950
backpedal	on	00688960
band	against	-
banish	from	02504017,02504280
bank	on	00688377
bank	upon	00688377
bank	with	02343374
bargain	about	00764782,02259829
bargain	clause	00764782
bargain	for	00764782,02259829
bargain	on	00764782,02259829
bargain	with	00764782,02259829
barge	into	01996574
bark	at	01047596,01047745
barnstorm	object	01094661,01094898
bask	in	01548181,01820302
bathe	in	00035603,00037919
bathe	on	-
bathe	with	-
batten	on	-
batten	upon	-
bear	with	00668099
beat	out	01101913,01104852,01624897,02746140
beckon	to	01041415,01041644
become	of	00149583,02623529,02626604
bed	down	01500082
beg	for	00782057,02270815
beg	from	00782057,02270815
beg	of	00759269
beg	off	-
begin	with	00345761,02608823
begrudge	object	01827064
behave	like	00010435
belch	from	00307568
belch	object	00307568
believe	in	00683280,00684273
bellow	clause	01048569
belong	to	02301680,02719930,02737569,02756359
belt	out	01704030
belt	up	-
bend	to	02062632
benefit	by	02290461
benefit	from	02290461
bet	on	00712708,01155687
betray	clause	00936330
betray	to	-
bifurcate	object	-
bill	for	-
bind	to	00567291,01356750
bind	with	00567291
bitch	about	00910973
bitch	object	-
bite	off	01445932
blab	object	-
blame	for	00727991,00842538
blanch	at	00103619
blanch	with	00103619
blaspheme	against	00814458
blaze	with	02764438,02764614
bleat	about	01048492
bleat	object	-
bleed	for	00074834
blend	into	00394813,01462468
blend	with	00394813
blind	to	-
blink	at	-
blossom	into	00293760
blot	out	-
blow	on	00007012
bluff	out	-
blunder	on	02051547
blunder	upon	02051547
blur	by	-
blur	with	02158034
blush	at	00103317
blush	for	00103317
blush	with	00103317
bluster	object	-
board	over	-
board	up	-
boast	about	00883226
boast	of	00883226
boggle	at	02640311
bomb	out	01131902
bond	to	01356750,02538086
bond	with	01356750,02538086
boost	up	01516071
border	on	01466978,02710673
border	upon	01466978,02710673
borrow	from	-
bother	about	02507464
bother	with	02507464
bounce	off	01892104
bow	to	00878348,02040273,02062632
bowl	out	01616738
box	against	01419982
box	in	01485158
box	up	01485158
box	with	01419982
bracket	off	00800586
break	from	01298931,02073233,02535716
break	into	01785395,02570684
break	through	01228396,02030764
break	with	02431320,02535716
breakfast	on	01185740
breathe	into	00001740
brecciate	object	00338964,01585021
breeze	through	01894520
bridle	at	01786292
bristle	with	02715456,02715595
brood	about	00704249
brood	over	00704249,02744061
brush	across	01240720,01870043
brush	against	01240720,01870043
brush	over	01373718,01870043
buck	up	-
bulge	with	00263231,02081946,02714360
bum	along	-
bump	into	01239619,02248465
burn	off	01205000,02762468
burn	out	00378664
burn	up	00378664,01205000,02268881,02762468
burn	with	01829292,02768874
burst	into	00424224,01785395,01964634
burst	with	02715595
buttress	by	00222728
buttress	with	-
buy	into	00683670,02207206
buzz	for	00792304
buzz	with	02706605
cadge	from	02270165,02270404
call	down	-
call	for	00754156,00792471
call	off	02643421
call	on	02487573
campaign	for	01094086,02589576
cancel	by	-
cannon	object	-
canter	object	01959482
canvass	for	02458747
cap	off	-
capitalise	on	02279772
capitalize	on	02279772
care	about	01766748,01822936
care	for	01824736,02550296
careen	object	-
carry	over	02012725,02233195
cast	about	01881180
cast	around	01881180
cast	down	01507143
catch	at	01327816,01439190
catch	out	00599835,00725748
cater	at	01180844
cater	for	01180844,01182709
cater	to	01182709
champ	at	01174973,01175132
champ	on	01174973
chance	on	02248465
chance	upon	02248465
change	from	00109660,00123170
change	into	00109660,00123170,00169458
change	to	00109660,00123170,00550117
chase	about	02001858
chase	after	02001858,02535093
chatter	about	01036804,01038666
cheat	at	02574516
cheat	on	02576503
check	for	00661824,00663353,00920336
check	into	02533282
check	on	00661824,00663353,00920336,02533282
chip	off	01259691
chirp	object	-
choose	between	00674607,00679389
choose	from	00674607,00679389
choose	from among	-
chorus	clause	00986750
cite	for	00791134,01023071
clack	object	-
claim	for	-
claim	on	01018352
clamor	clause	00915041
clamor	for	00774641
clamour	clause	00774641,00915041
clamour	for	00774641
clash	object	-
clash	with	00805228,01561143,02667698
claw	at	00845765,01213504,01306654
cleave	to	01220885
click	with	00591755
climb	into	01921964,01923909
climb	up	00249017,01921964,01923909
cling	to	01216331,01220885,01776065
cluster	around	01484392,02025009
cluster	round	01484392,02025009
clutch	at	01212572,01220303
co-star	with	01721415
coexist	with	02604477,02604618
cogitate	about	00703512
cogitate	on	00703512
cogitate	upon	00703512
coil	around	01523986,02049190
coincide	with	00345312,02658734,02660442
collaborate	on	02416278
collaborate	with	02416278,02416751
collide	with	01561143,02667698
colligate	with	-
collocate	with	02612610
combine	with	00394813,01461328,02377938
come	across	01849221
come	after	01849221,02743565
come	along	-
come	before	00659984,02743565
come	between	01849221,02743565
come	by	02005948
come	for	01849221,02005948
come	from	01849221,02005948,02625339,02737187,02743214,02743921
come	into	00542120,01849221,02005948
come	of	00344886,02627363,02737187
come	through	01849221,02005948
come	to	00542120,00723349,01849221,02005948,02645007,02686805
come	under	00542120,02729963
come	upon	01849221,02005948
come	with	00342812,00344886,01849221,02005948
comment	on	00961329,01033189,01058574
comment	upon	00961329,01033189,01058574
commentate	on	00939035,00961586
commit	to	-
commune	with	00760187
communicate	with	00740577,01070102,01355518
commute	between	02061846
commute	for	-
commute	from	02061846
commute	into	-
commute	to	02061846
compare	with	02729632
compensate	for	02519991,02672540,02672859
complain	about	00907147
complain	of	00907147
complain	to	00844298,00907147
compromise	on	01035380,01035803
compromise	with	01035380,01035803
conceive	clause	00689344
conceive	of	01633343
concentrate	in	02032934
concentrate	on	00722232
conclude	with	02610628
concord	with	00805376
concur	with	00805376
condense	into	00364868,00365446,00366275
condescend	to	00908977,02517827
confabulate	with	00876665,01038666
confederate	object	-
confederate	with	02434541,02470685
confer	on	-
confer	with	00876665
confess	to	00818553,00818805,00819508
confide	clause	00936465
confide	in	00936465
conflict	with	02567147,02667228
conform	to	00150287,02662979
connect	to	02622234
connect	with	01237761,01407568,02389346,02389592,02747403
connive	at	02585360
consist	in	02653381,02750854
consist	of	02633356
consolidate	into	00165789,00242580,00242747
consort	with	01927747,02589245
conspire	with	00706975,00707624
consult	for	00876442
consult	to	-
consult	with	00876665,00877559
contend	against	01072262,01090335,02587532
contend	for	01072262,01090335
contend	with	00773432,01072262,01090335,02587532
continue	clause	00781000
contrast	with	-
contribute	to	02555908
converge	at	02032634,02710402
converge	on	00368847,02032634
convert	from	00381013,00384411
convert	into	00114837
convert	to	00114837,00384411
convey	clause	00928630,01061017
coo	object	-
copy	for	-
copy	from	-
copy	off	01747374
correspond	to	02633534,02657219,02699497
correspond	with	01006810,02657219
count	down	00947857
count	on	00712556,00712708
count	to	00947857
count	up to	00947857
count	upon	00712556,00712708
countercheck	on	-
couple	with	01428853
covenant	clause	01030832,02474780
covenant	object	-
crab	about	00910973
cram	for	00605783
crawl	with	02716048
creep	into	01885845,01911888,02060588
cringe	at	02061069,02063771
cringe	before	02063771
cringe	to	02063771
croak	object	-
crop	with	-
cross	over	01912159
crow	about	00857517,00883635
crow	with	00857517
crumble	object	00397405
crusade	against	02589576
crusade	for	02589576
cry	for	01188987
culminate	in	00144040,00485609
curl	around	00362128,01523986
curtsy	to	00899352,02040549
cut	across	01915730,01915865
cut	at	00561090,01227088,01552519,01610834,02101649
dab	at	01233027,01233194
dabble	at	02416030
dabble	in	02416030
dally	over	02011685
dally	with	00711932,01037910,02437465
dance	with	-
date	from	-
dawn	on	00591755
dawn	upon	00591755
de-escalate	to	00290983
deal	with	01033527,02370987,02377764,02436349
debate	about	00714884,00773432,00812580,00813044
debate	upon	-
decamp	from	02010698,02073714,02076857
decamp	to	02010698,02073714
decamp	with	02073714
decay	object	-
decide	on	00697589
decrease	from	00151689
decrease	to	00151689
decree	object	00715868
defer	to	00878348
deflect	from	-
delight	in	01190948
deliver	on	02358327
demur	at	00807941
demur	to	00807941
depart	from	01848718,02008396,02014165,02383440,02661252
depend	on	00712708,02664234
depend	upon	00712708,02664234
deprive	of	-
deputise	for	02394662
deputize	for	02394662
derive	from	00251791,02737187
descend	from	02737187
descend	into	01970826,02591312
descend	object	01970826
descend	to	01970826,02591312
deteriorate	object	-
develop	from	00252019,02624263
develop	into	00252019,00543410,02624263
deviate	from	02064887,02661252
devolve	on	02229550
devolve	to	02229550
devolve	upon	02229550
dibble	into	01312123
dice	for	01138733
dice	with	01138733
die	from	00358431
die	of	00358431,01784953,01785242
differ	from	02666239
differ	with	00804802
differentiate	between	00650353
differentiate	from	-
dig	at	01229976,01899557
dig	for	01309701,02143756
dig	into	00588221,01309701,01310660
digress	from	00780575,02066304
din	in	-
din	into	-
disagree	with	00804802,02718543
disapprove	of	00674340,00807178
disconnect	from	-
discourse	on	00814621,01034312
discourse	upon	00814621,01034312
discriminate	against	02512305
discriminate	between	00650016,02193765
discriminate	from	-
disengage	from	00220276
disentangle	from	-
disinvest	from	02313906
disinvest	in	02313906
dispense	with	02534307
dispose	of	02222318,02354922
dispute	with	00775156
dissent	from	00804653,00804802,02521410
distinguish	between	00650353,00652346,02193194
distrain	upon	-
distribute	to	-
dither	about	01819911,01820189
dive	for	01962671
dive	from	01962865
dive	into	01962671,01962865
dive	off	01962865
diverge	from	02032415,02709906
divide	into	01557774,02031158
divine	for	01314948
do	by	-
do	for	02669789
do	with	02523221
dock	at	02085742
dominate	over	02539334,02644234,02646931
dote	on	01777459
dote	upon	01777459
drape	around	-
drape	over	01617034
drape	round	01617034
draw	for	01078050
draw	from	-
draw	off	02097800,02311387
draw	on	01199009,01539063,02293148,02311387
draw	upon	01539063,02293148,02311387
dream	about	01637633,02118242
dream	of	01637633,02118242
dredge	for	01244692
drink	to	01175467
drip	with	02071142
drone	object	00944788
drool	about	01827425
drool	over	01827425
drum	on	01732532,02174830
duck	in	01865203,01967792,01976220
dwell	on	00704249,00959367
eat	into	00274283,01157517
eat	through	00274283,01157517
echo	to	02183787
echo	with	02183787
economise	on	02357228
economize	on	02357228
edge	with	-
elaborate	on	00955601
emanate	from	00546192
embark	at	01979462
embark	for	01979462
embark	object	-
embark	on	00348252,02373336
embark	upon	00348252,02373336
emerge	from	00423971,00426581,00528990,01990694,02625016
emerge	out of	00423971,00426581,00528990
empower	by	02473981,02474239
empty	into	00448680
encroach	on	01993352,02569790
encroach	upon	01993352,02569790
engage	clause	-
engage	for	-
engage	in	02375131,02376089
engage	upon	02376089
engage	with	02375131
enlist	for	01097192
enlist	in	01097192
enquire	about	00784342
enquire	after	00784342
enquire	for	00784342
enquire	into	00785962
enrich	with	-
entail	on	-
entail	upon	02634808
enter	into	00348252,01082606
enter	on	00348252,02381397
enter	upon	00348252,02381397
escape	from	02074677,02075049,02599004
escape	out of	00530017,02074677,02075049
etch	in	-
etch	on	02199119
evolve	from	00251064
exclaim	against	-
exclaim	at	-
exist	concerning	02603699
exist	in	02603699
exist	regarding	02603699
exit	from	02015598
exit	into	02015598
expand	by	00257269,00310386,02077148
expand	into	00257269,00310386,02077148
expand	on	00955601
experiment	in	02532595,02532886
experiment	upon	02532595
experiment	with	02532595,02532886
expire	against	-
expire	before	00358431,02684784
expire	during	00358431,02684784
expire	without	00358431,02684784
explode	in	00306017,00306298,00306539,00719062
explode	with	00157623,00306017,00306298,00306539,00719062
expound	on	00955601
exult	at	00857923,01813668
exult	in	00857923,01813668
face	with	01066433,01271189
fade	object	-
fag	for	02592776
fall	for	00147815
fall	into	00147815,01972298,02729963
fall	on	00342443,02358655,02611976,02661015
fall	to	00147815,00346839,01984119,02229550,02229828,02230056,02304507,02358922,02620213
fall	under	00147815,02304507,02729963
fall	upon	00342164,02358655,02611976
fantasise	about	01637368
fantasize	about	01637368
fascinate	with	-
fasten	on	01340439
fasten	upon	01340439
fawn	on	00880978,02063771
fawn	over	00880978,02063771
fawn	upon	00880978,02063771
fear	for	01780202,01780434
feast	on	01182152,01185981
feast	upon	01182152,01185981
feed	on	01179865,01203715
feel	for	01771535,02127613
feel	like	00105958,00690305,01771535,02134350,02730471
fence	with	00773432,01146918
fend	for	02588122
fiddle	with	00261314,01586018,01586278
fight	about	01090335
fight	against	01090335,01091427,02407338
fight	down	01091427
fight	for	01090335,02407338,02589576
fight	over	01090335
fight	with	01090335,01091427,02407338
fill	with	00451838
find	for	00971999
finish	with	00484166,02609764
fink	on	00819508
fire	at	01133825,01135783
fish	for	01140794,01319346
fit	out	02339413
fix	on	00947077,01647543
fixate	on	00486703,02170861,02538365
flirt	with	01037910,02437465
flow	away from	-
flow	down	01542668,02066510,02066939
flow	from	01542668,02066510,02066939
flow	in	-
flow	into	01542668,02066510,02066939
flow	through	01542668,02066510,02066939
fluctuate	between	00270699,01876907
flux	object	-
fly	at	00545292,01842068
fly	from	01840238,01847845,01940403,01941093,02075462
focus	on	00722232,00731789
foot	up	00641138
foray	into	-
forbear	from	02725714,02726044
foreclose	on	02276568
forget	about	00609100,00610167
founder	object	-
fret	about	01767461,01793933
fret	at	01767461,01793933
fret	for	-
fret	over	01767461,01793933
froth	object	00109389
fulminate	against	00841767
fulminate	at	00841767
fuse	to	00397192
fuss	about	01793933
fuss	over	02550516
gamble	at	01138523
gamble	on	01138523,02544348
gape	at	02164531
gargle	with	00037138
generalise	from	01022420
generalise	to	00104465,01022420
generalize	from	01022420
generalize	to	00104465,01022420
get	around	02005948
get	at	01026975,01771194
get	behind	02005948
get	in	02005948
get	into	00149583,02005948
get	off	02005948,02006573
get	on	02006573
get	onto	02006573
get	over	00149583
get	through	00345761,02005948,02108026
get	to	01771194,02005948
gibe	at	00850192
gift	object	02200686,02474239
glance	off	01893000
glance	over	02165304
glare	at	00033203
gloat	over	00883635,02166861
glow	with	01829747,01830042,02161530
glower	at	00032981,00033203
gnaw	at	00275253,01445597
go	about	02372605
go	after	01835496
go	against	00341560,02372605
go	at	01864230
go	by	02372605,02721284
go	for	00676267,01192992
go	into	00149583,01835496,02659763,02686471,02700772,02737876
go	off	01835496
go	over	01835496,02685951,02686471
go	past	01835496,01848718,02685951,02686471
go	through	00149583,00539110,01318849,01835496,02372605,02618149,02686471
go	to	00149583,01835496,01848718,02372605,02653862,02685951,02686471,02737876
go	with	00676267,01835496,02700455
go	without	02618149
gossip	about	01038666,01041954
gossip	with	01038666,01041954
grab	at	02099239
graduate	from	02264397
grapple	with	01574292,02587532
grasp	at	01216004
grate	on	01773825
gravitate	to	01835280,02731996,02732148
gravitate	towards	01835280,02731996,02732148
grieve	for	01797347
grizzle	about	00907930
grouse	about	00910973
grumble	about	00909219,00909573
grumble	at	00909219,00909573
grumble	object	01045719
grumble	over	00909219,00909573
guard	against	01129337,02599878
guess	at	00672433,00916909
gurgle	with	02177976
hail	from	02743214
hang	about	-
hang	around	-
hang	on	01216331,01481957,01482075,02170427,02734952
hang	onto	01216331
hang	over	01481957,02734952
hang	to	01216331
hang	upon	02170427
happen	on	02248465
happen	to	00339934,00344643
happen	upon	02248465
harp	on	00959367
haul	at	01454810
haul	on	01454810
head	for	01935233
hear	about	00598954,02107442
hear	from	00598954,02107442
hear	of	00598954
heave	at	01507792
heave	on	02088470
hike	from	01920932
hike	to	01920932
hiss	at	00862225,01053771
hit	at	01400044
hit	on	00781903,02206462
hit	upon	02206462
hold	by	-
hold	onto	00607000,01216670,01773130,02203362
hold	to	00607000
hold	with	00805376
holler	at	00910973,00913065,00915423
holler	to	00913065,00915423
home	to	02005347
homologize	to	02699783
honk	at	01053495
hoof	object	01906322
hoot	object	-
hope	for	00706047,01811441
hover	over	01943448,01944252,02640906,02744061
howl	object	-
howl	with	00029836,01046932
hum	with	02706605
hunger	after	01188485
hunger	for	01188485
hunt	for	01316401
identify	with	00691944,00714531
illuminate	with	-
impinge	on	01993352,02569790
impinge	upon	01993352,02569790
incorporate	with	-
increase	from	00156601
increase	to	00156601
incubate	object	00060185,00254150
indulge	in	01191645,02511276
infer	from	00593522,00636574,00944924,01022420
infringe	object	02567147
infringe	on	01993352,02567147
infringe	upon	01993352,02567147
ingrain	in	-
ingrain	into	-
ingrain	with	-
inoculate	against	-
inoculate	with	-
inquire	about	00784342,00785962
inquire	after	00784342
inquire	for	00784342
inquire	into	00785962
insist	on	00818974
insist	upon	00717045,00818974
instruct	in	-
integrate	into	00467451
integrate	with	00466651,00467451
interfere	between	02538765
interfere	in	02538765
interfere	with	02451912
interlock	with	01606018
interpolate	between	00642644
interpose	among	-
interpose	between	02098964
interpose	in	02538765
interrelate	with	02724417
intertwine	with	-
intervene	between	00340846,02691489
intervene	in	02538765
intrude	into	00747757,02018524,02571251
intrude	on	00747757,02018524,02571251
intrude	upon	00747757,02018524,02571251
inveigh	against	00910364,00911261
invest	in	02271137
itch	for	01825761
jab	at	01229976,01230555
jar	on	01769090,02667698
jaw	at	00824767
jest	with	00105554,00853633
jet	on	01942234
jibe	at	-
jibe	with	02657219
joke	about	00105554,00853633
joke	with	00105554,00853633
jostle	against	01871680
judge	of	00670261
juggle	with	01604814
jump	at	01082937
jump	off	01963942,02105082
jump	on	01082937,01121178
keep	at	02684924
keep	off	02450505
keep	to	02578872
kick	in	01370561
kindle	with	-
knock	into	01239619
know	about	00594337,00594621,00595630
know	of	00594337,00594621
kowtow	to	00880978
labor	under	02406916,02419773
labour	under	02406916,02419773
lace	into	-
laden	with	-
ladle	into	-
ladle	out of	-
lag	behind	01997862
lam	into	01416193
lament	over	01802219
languish	for	01805684
lap	against	00217576
lapse	from	00093327,00204585
lapse	into	01972131
lash	into	-
last	out	02618149,02704928
launch	into	00347918
lay	into	-
leach	out of	02071627
lead	on	02687385
lead	to	02555908,02635956,02685951,02686471
lead	with	02687385
lean	on	00688261
leap	at	00560391,01963942
leap	over	01963942
leapfrog	object	00249188,01965911
learn	about	00597915,00598954,00599992,00920336
learn	from	00598954
learn	of	00598954
leave	for	02009433,02015598
lecture	about	00830761
lecture	on	00830761
lecture	to	00830761
lend	to	-
level	with	00964237
levy	on	-
lie	behind	02653381,02690708,02731390
lie	with	02731390
light	on	01978700
light	upon	01978700
link	to	-
link	with	02622234
listen	for	02169891
listen	to	02169891,02171039,02571901
live	by	02614387
live	for	02614387,02614970
live	off	02614387,02616713
live	off of	02614387,02616713
live	on	02616713,02618149
live	through	00596644,02618149
live	with	02614387,02614970,02618149,02649830
localise	to	02509919,02692335
localize	to	02692335
lock	into	01510827,01606018,01810320
lock	onto	01510827,01606018
lodge	at	02652494
lodge	in	01528069,02652494
lodge	with	02652494
log	into	-
log	onto	-
loll	object	02717701
look	about	02153709
look	after	02549581
look	at	02130524,02153709,02549581
look	for	02153709
look	into	02549581
look	onto	02693319
look	through	02130524,02153709
look	to	00712708,00720063
loop	around	01523986,02044745
lose	by	-
lose	on	01099592
lose	to	01099592
lour	at	00032981
lour	on	00032981
lour	upon	00032981
lower	at	00032981
lower	on	00032981
lower	upon	00032981
luff	object	-
lumber	object	01258828
luxuriate	in	00310812,01191645,01204803
make	after	02075857
make	at	02134050
make	for	00562067,00562182,02075857
make	of	00730758
mantle	with	-
map	to	00380698,02695709
march	on	01919391,02521816
mark	with	-
marvel	at	00925490
masquerade	as	00837617
match	with	02657219
mate	with	01428853
mean	clause	00931852,00955148,02635189
mediate	object	00760956
meditate	object	00630380
meditate	on	00630380,00704388
meditate	upon	00630380
meet	with	02023107,02486932,02739480
merge	into	00367685,00394813
merge	with	00367685,00394813
mesh	with	00405079,01510827,02458017
mess	with	00276214
metamorphose	into	00381601,00384055
metamorphose	object	00384055
mew	object	-
migrate	from	01856626,01857093
migrate	to	01856626,01857093
mine	for	01163620
mingle	with	02597095,02739861
minister	to	02549392
mist	over	-
mist	up	02157731
mix	with	00394813
mock	at	-
monkey	with	01586018
moon	over	02417908,02418205
moralise	about	00828374
moralise	on	00828374
moralise	upon	00828374
moralize	about	00828374
moralize	on	00828374
moralize	upon	00828374
morph	into	00469030
mottle	with	-
mount	to	00433232
mourn	for	01797051,01797204
mourn	object	01797051
mourn	over	01797051,01797204
mouse	object	-
move	for	00879356
move	on	02598863
muck	with	-
murmur	against	00909219
murmur	at	-
nail	on	-
nail	to	-
negociate	for	00761713,00762478
negociate	on	00761713,00762478
negociate	over	00761713,00762478
negociate	with	00761713,00762478
negotiate	for	00761713
negotiate	on	00761713
negotiate	over	00761713
negotiate	with	00761713
neighbor	on	02608004,02608176
neighbour	on	02608004,02608176
nibble	at	01174294,01446420,01446729
nibble	on	01174294,01446420,01446729
niggle	object	-
nip	at	01446569
nose	into	02169119
nurse	at	-
nurse	through	-
object	to	00807461,02753865
obtrude	on	00747757
obtrude	upon	00747757
offend	against	02566528
officiate	at	01096497,02382087
ooze	from	00067999,02071974
operate	for	02443849
operate	on	00083809
originate	from	02624263,02743343
oscillate	between	02706046
overbid	object	02299552
overcompensate	for	02520360,02672859
overflow	into	02072159
overflow	object	02072159
overflow	with	01763101,02072159
overlay	with	-
pad	along	01921204
page	through	02412513
palaver	object	00768778
pall	on	00392142,00538199
pall	upon	00392142
palpitate	with	01879928,01889129
pan	for	01536508
pan	over	01998302
pan	round	01998302
pan	to	01998302
pander	to	01182293
panic	at	01782218
parcel	into	-
part	with	02431320
partake	of	01172701,02295208,02736660
participate	in	01082606,02450256
participate	with	02450256
pass	into	01972131,02221635
pass	over	02051694,02423513
pass	through	02050132,02051694,02523351
pass	to	02221635,02229550
patter	against	02185187,02757828
patter	object	-
patter	on	-
pause	on	00779061,02641035
pause	upon	00779061,02641035
paw	at	01211455
pay	for	00737884,02251743
peal	object	-
peck	at	00844941,01173656,01173813,01243474
pedal	object	01935476
peep	at	02165146
pelt	object	01121320,01507914
penetrate	into	01227675,01993031,02435634
penetrate	through	01227675,01229071,01993031
percolate	through	01457954,02060437,02071627
permit	of	00802946
persist	in	00350461
persist	with	00350461
pertain	to	02653706,02676054
pick	at	01174294,01243474
pick	on	00842772
pierce	into	01441100,01441510,01442361
pierce	through	01441510,01442361
pitch	into	01864634
plan	for	00704690,00705227
plan	on	00704690,00705227
play	against	01072949,01079480
play	at	00013328,00013615,00711932,01072949,02418686
play	for	01072949,01138911,01155687
play	with	00013328,00711932,01072949,02418686,02437465
plead	for	00759501
plead	with	00759501
plot	against	00708128
pluck	at	01452546
plump	for	00676267
plunge	into	00347918,01834053,01977080
plunge	through	00347918,01834053
poach	for	-
poach	on	01143266
point	at	00923793,02713184
point	to	00921300,00923793,02713184
point	towards	00921300,00923793,02713184
poke	at	01229976,01424220
pole	on	-
pontificate	about	00828754
pontificate	on	00828754
pop	at	01134071
pose	for	02142775
potter	about	-
potter	around	-
pound	against	01575146
pound	at	01414626,01575146
pound	on	01414626,01575146
pound	with	-
pout	object	-
pray	for	00759269,00759944
pray	object	00759269
pray	to	00759944
preach	at	00828003
preach	object	00827730,00828003
predominate	over	02696503
premise	clause	01001467
present	to	00901651
press	for	00759657,02589576
press	on	01447257,02646064
press	upon	01447257,02646064
presume	on	00011551
presume	upon	00011551
pretend	to	00916909,02275799
prevail	against	01101734
prevail	among	02644234,02647497,02648502
prevail	in	01101734,02644234,02647497,02648502
prevail	over	01101734,02644234
prey	on	01203500,01203715
prey	upon	01203500,01203715
probe	into	00788564
proceed	against	02372605
proceed	from	00341560,01995549
proceed	to	01995549,02372605
proceed	with	00341560,02372605,02684924
prod	at	01229976
profit	by	02290461
profit	from	02278830,02290461
profit	object	-
progress	through	00248659,01992503
progress	to	00248659,01992503
proliferate	object	00247830
promenade	object	01924505
pronounce	clause	00971650
prophesy	to	00828003
propose	to	00879764
prospect	for	00648071
protest	about	00910135,02521410
protest	against	00910135,02521410
protest	at	00910135
protrude	object	-
provide	against	01063188
provide	for	00406963,01063188,02219442,02721438
pry	into	00784874,02169119
pull	at	01573276,01609287
pull	on	01609287,01947247
pulsate	with	01879579
pulse	through	01879251,01879777
pulse	with	-
purpose	object	-
purr	clause	-
purr	object	-
push	for	02589576
put	into	-
put	on	01493741
put	upon	-
quake	at	01889129
quake	with	01889129
quest	for	00752764,02240881
quibble	about	00774056
quibble	over	00774056
quibble	with	00774056
quiver	at	01878719,01889129
quiver	object	-
quiver	with	01889129
quote	from	01023259
race	against	01086103,02369948
race	with	01086103
radiate	from	00529582,02686952
rag	on	00824767,00850501
rage	against	01796033,02723016
rage	at	01796033,02723016
rail	against	00841767,00911261
rail	at	00841767,00911261
railroad	into	-
ramble	about	02684453
ramble	among	01881180
ramble	through	01881180,02684453
ramify	object	-
range	over	01576165,01881180,02690384,02727039,02741149
rap	at	02185373
rap	on	02185373
rasp	on	00981814
rasp	upon	00981814
rattle	through	02175057
rave	about	00882220,01051956
rave	against	01051956
rave	at	01051956
readapt	to	00151114
readjust	to	00151114
rearm	with	01087559
rebel	against	02583139,02583379
rebound	on	00528608
rebound	upon	00528608
recede	from	00570694,01113806,01994442
recline	against	01547390
recline	on	02039156
recoil	from	02061069
recoil	on	02378950
recombine	with	00193954,00566024
recommit	to	02583041
recover	from	00092690,00528339
recur	to	00959714,02590072
redound	to	00138217,00156027,02137020
reduce	to	00237259,00237704
reek	of	02124106,02194723
reek	with	00068627
refer	to	00655555,00877083,00931467,01024190,01028294,02676054
reflect	clause	00630380
reflect	on	00630380,00821580
reflect	upon	00630380,00821580
refocus	on	00732091
refrain	from	01196037,02725714
reign	over	02587375,02644234
rejoice	at	00857923,01813884,01823370
rejoice	clause	00857923,01813884
rejoice	in	00857923,01813884,01823370
rejoice	over	00857923,01813884,01823370
relapse	into	00093327,00268165
relate	to	02458103,02676054,02724417
remonstrate	against	00910555,01013230
remonstrate	with	00824767,00910555,01013230
remove	from	-
remove	to	-
repair	to	01843497
repent	of	01796582,01796800
report	on	00965035,00966809,00967098
report	upon	00965035,00967098
repose	in	01547390,01548072,02664664
repose	on	01547390
research	into	00648224,00877327
research	on	00648224,00877327
reserve	for	-
reside	in	02648639,02650552,02664664
resign	from	02367032,02382367
resolve	into	00447309
resonate	with	00592037,02175958
resort	to	02590072
resound	with	02183787
respond	to	00717358,00718737,00815686
respond	with	00717358,00718737,00815686
rest	from	00779360
rest	on	00014405,00779360,01502946,01543731,01545883,02731390
result	from	00340704
result	in	02634265
retail	at	02728570
retaliate	against	01153165,01153486
retire	from	01766952,01994442,02379753,02380009
retire	to	00017865,01994442,02428487
retreat	with	01994442
retrench	object	00430099
return	from	02004874
return	to	00387310,00959524,02004874,02005617,02229550
revel	in	01190948
revert	to	00387310
revolt	against	02583780
revolve	about	02043982,02045043
revolve	around	02043982,02045043
revolve	on	02045043
revolve	round	02043982,02045043
rhapsodise	about	00916783
rhapsodise	over	00916783
rhapsodize	about	00916783
rhapsodize	over	00916783
rhyme	object	01701858
rhyme	with	02750432
ride	in	01955984
ride	off	-
ride	on	01957529,02692089,02711987,02750154
riff	object	02153023
riffle	through	02153023
rifle	through	01318849
rime	object	01701858
rime	with	02750432
ring	about	-
ring	for	00789448,02181538
ring	with	02183787
riot	in	02493260,02584661
rise	above	00155143,00433232,01155545,01968569,01969779,01970348,02696801
rise	against	02583139
roar	for	-
roar	object	00915605
roar	with	00029836,01046932
robe	in	00052043,01617034
roll	around	01866192
roll	in	01866192,01875684,01901783
roll	off	01866192
romp	through	01100567,01883716,01926878
root	among	01282413
root	for	01282413
root	through	01282413
round	on	00862683
round	upon	00862683
rub	against	01250908,02119874
rule	against	00715868,00971999
rule	on	00715868,00971999
rule	over	02586619,02644234
rumble	clause	01045719
rumble	object	01045719
ruminate	about	00630380
ruminate	over	00630380
run	across	02685951
run	against	01086103,01094086
run	at	01525666,01526290,01926311,02563327,02727039
run	for	01094086,01926311,01926984,02075049
run	in	01086103,02612234
run	into	01926311,01926984,02066939,02648110,02685951
run	on	01525666,01526290,02563327
run	through	00539110,01926311,02066939,02685951
run	upon	01927903
rush	into	00459498,02058994
rush	off	00459296,02059462
sail	through	01846320,01846658,01869563,01945516
save	for	-
save	on	02266920,02357228
savor	of	02194286
savour	of	02194286
scent	clause	-
scheme	against	00707956
scheme	for	00707956
scintillate	with	00473003
scoff	at	00850192
scold	at	00909573
score	for	01111816
score	with	01111816,01428578
scour	after	-
scour	through	01317276
scramble	for	01886334,01921772
scrape	through	-
scream	at	00912833,00913065
scream	clause	00912833
scream	for	00912833,00913065
scream	in	00912833,00913065
scream	object	00912833
scream	with	00912833,00913065
screech	object	01048939
screech	to	01048939,02171664
scrounge	object	02269894,02270165
scud	before	01946138,02061495
search	into	00648224
search	through	01315613,01317723,02153709
second	from	02393304
second	to	02393304
see	about	02549581
see	through	00591115,02129289
seek	after	01315613,02240481
seek	for	01069989,01315613
seethe	object	-
seethe	with	01767612,02706605
seize	on	02274482
seize	upon	02274482
sell	at	02727883
sell	for	02727883
send	clause	01031256,01062555,01437254
send	for	01437254
separate	from	02030158,02431320
separate	into	00328802,00334186
serve	for	01095218,02670890
serve	in	01095218,02411621
serve	on	01095218
serve	under	01095218,02411621,02540670,02593107
serve	with	-
set	about	00406243,00407848
set	on	-
set	upon	01115006
settle	clause	00698855,00763399
settle	for	00798091
settle	into	00415398,00558673,01988458
settle	on	00481941,01987058,01988458
settle	over	00342164,00558673
settle	upon	00481941,01987058,01988458
share	in	02295208,02718309
shift	to	00380159,00550117,00555654
shiver	object	-
shoot	at	01134781,01137138,02484570
shoot	for	01084466,01597286
shop	for	02325968,02326355,02466134
shrivel	object	-
shudder	at	00014201,01888946
sicken	of	-
sift	through	00675768,01460594,02098827
sigh	for	00004032
sign	for	00889229,00996485,02409941
signal	for	01039330
signal	to	01039330
sin	against	02565687,02566227
sing	of	01729431,01731031
sink	into	01971929,01972131
sink	to	00432839,01985923,01988886,02039679
sit	for	01095581,02142775
sit	on	01095581,01543123,01984902,02691214,02692882
sit	with	01543123,01984902,02456270
skim	through	00627824,02152278
skimp	on	02225739,02345498,02509820,02516437
skip	over	00616498
skirt	around	00809654,02052090
skirt	round	00809654,02052090
slash	at	01322675,01411085
slash	with	-
sleep	on	00014742
sleep	through	00014742
sleep	with	00014742
slip	by	-
slip	into	00189669,00204391,01888295,02076280,02105549
sliver	of	-
slosh	object	01374587
slur	over	-
slush	object	01374587
smack	of	02194495,02194723
smell	of	02123672,02124332,02194723
smell	up	02124332
smile	at	00028565
smile	on	00028565
snap	at	00916274,01439745,01446301
sneak	on	-
sniff	at	00007549,02125032
sniff	out	02125032
snipe	at	00862683,01135501
snitch	on	00841986
soak	in	01578513
socialise	with	02388950
socialize	with	02388950
solicit	for	00753734,00782057
sop	up	-
sort	over	-
sort	through	02400378
spar	with	00773922,01420194,01420304
sparkle	with	00473003,00519363,02766390
speak	about	00941990,00962447,00989201
speak	for	00941990,00989201
speak	to	00941990,00962447,00963570,00989201
speak	with	00941990,00962447
specialise	in	00437449,02446164
specialize	in	00437449,02446164
speculate	in	02272090
spell	with	-
spin	around	02046755
splash	on	-
splice	onto	-
splice	to	-
split	into	00309310,02030158
split	with	02431320
splurge	on	02269003
spoil	for	01825761
sponge	from	-
sponge	on	02270404
spot	with	01538161
spout	object	01051956
sprawl	across	01543426,02032227
sprawl	over	01543426,02032227
spread	for	-
spread	over	01380122,02060141,02689299
spring	from	02623906
spring	on	01963942
sprout	from	00095377,00357332
sprout	object	00357332
spy	on	00785470,00785690
spy	upon	00785470,00785690
square	with	02253341,02659541
squeal	on	00819508
stab	at	01229976,01230350
stamp	on	00478488,01925338
stampede	into	02056300,02594290
stand	by	02702120
stand	for	00668099
star	in	01720980
stare	at	02132745
start	at	02608347
start	for	02014165
start	from	01864230,02014165,02608347
start	on	00345761,02600948
start	with	00345761,02608823
starve	for	01188485
steep	in	-
stem	from	02627753
stick	at	02638845
stick	by	02638630
stick	to	01220885,01356750,02638845
stick	with	02638630,02638845
stink	of	02124106,02674173
stint	object	02225739
stop	by	01862918
storm	at	02723016
strain	at	01146051
stray	on	-
strike	up	-
strive	against	01146051,02531199
strive	for	01146051,02531199
strive	with	-
struggle	against	01090335,01505058,02407338
struggle	through	02407338
struggle	with	01090335,01505058,02407338
stumble	across	02206462
stumble	at	01900408
stumble	on	01900408,02206462
stumble	over	00618057,01900408,01901133
stumble	upon	02206462
subcontract	with	02460883
submit	clause	00878136,00878636
subscribe	to	00806314,02209745
substitute	for	02258617,02394662
succeed	in	02524171
succeed	to	02406585
succumb	to	00804476,02620466
suffer	for	00065070,01794668
suffer	from	00065070,00078401,00204750,00204872,01794668,02121511,02719807
surrender	to	01115585
swarm	object	02028366,02714974
swarm	with	02714974
swear	at	00865387
swear	by	00688377,00889947
swear	on	00889947,01011031
swear	out	01013040
swear	to	01011031,01013040
swim	in	01904649,01960911,02755911
swim	with	01904649,01960911,02755911
swing	for	01152040,02087745
swipe	at	01394200
switch	between	00380159,00550117
switch	to	00140751,00380159,00550117
sympathise	with	00594058,01822248,01822724
sympathize	with	00594058,01822248,01822724
syncretise	with	00553616
syncretize	with	00553616
take	after	02075857
take	to	02075857,02590253
talk	about	00830761,00937208,00941990,00952841,00962447
talk	around	00941990,00962447
talk	round	00941990,00962447
talk	to	00830761,00941990,00962447
talk	with	00962447
tally	with	02657219
tamper	with	01586018,02539101
tangle	with	02677797
tap	on	01247804,02185373
tarry	object	-
tattle	object	-
taxi	object	-
tear	into	02055267
teem	with	02714974
tell	against	00954422
tell	on	00954422
tell	upon	00954422
tend	for	-
tend	to	02549847
tender	for	02298632
test	for	-
testify	against	01014821
testify	for	01014821
testify	to	01015244
theorize	about	00632931
theorize	as to	00632931,00633094
theorize	on	00632931
theorize	over	-
think	about	00607780,00628491,00739082,00739340,01637166
think	of	00607780,00628491,00629738,00689344,00739340,01637166
thirst	after	01188485
thirst	for	01188485
thrum	on	02174830,02180362
thrust	at	01441510,02062212
thumb	through	02153023
thunder	object	00915605
tie	for	01115190
tie	with	01115190
tilt	at	01122906
tinker	with	00261314
tire	of	00076114
tool	along	-
tool	around	01956708,02100341
toss	for	01893079
touch	on	00137313,01026728
touch	upon	01026728
tout	for	00883226
tout	object	00883226,00971460
toy	with	00013328,01586278,02437465
trade	at	02728784
trade	on	02244956
trade	upon	02244956
trade	with	02244956
traffic	in	02260770,02261123
traffic	to	-
traffic	via	-
trail	behind	02058756,02059916
trample	on	00070439,01867504,01929467
trample	over	01929467
trample	upon	00070439
transition	to	00550546
transpire	object	00367563
transubstantiate	into	-
travel	in	01835496,01841079
treat	of	01033527
treat	with	00762720
trespass	on	02570062,02571251
trespass	upon	02570062,02571251
trifle	with	00711932
triumph	over	01101734
troll	for	01141763
troop	object	-
trust	in	00688377
try	for	02501278,02530167
tuck	into	-
tug	at	01452918,01453109
tumble	into	00204281,01976488
tumble	to	00590366
tunnel	into	01444037,02042067
tunnel	object	02042067
tunnel	through	01444037,02042067
tunnel	under	01444037,02042067
turn	against	00138508,00146138
turn	on	00138508,00146138
turn	to	00794640,01907258,01951937
tussle	with	01504480
tutor	in	-
twiddle	with	01224211
twig	object	00590366
twinkle	with	02159890
twirl	around	02048891
twist	around	01223182,02738701
tyrannise	over	01781757,02587239
tyrannize	over	01781757,02587239
vacillate	between	02706046
vanish	from	00153061,00426958,00427397,02073065,02156546
vary	between	00123170,02662297
vary	in	00123170,02662297
veer	object	-
venture	on	02373336
venture	upon	02373336
vest	in	02222179
vibrate	to	02175958
volunteer	for	02424984,02425112
vote	against	02461314
vote	for	02461314,02462386
vote	on	02461314
vouch	for	00890100,01015104
waft	object	02769783
wail	about	00066025,01046932
wail	clause	00066025,01046932
wail	for	00066025,01046932
wail	object	-
wail	over	00066025,01046932
wail	with	00066025,01046932
wait	for	00720063,02637938,02641463
wait	on	02413290,02637938
wait	upon	02413290
walk	over	01904930,01912893
wallow	in	01191403,01191974,01866030
wander	from	00780575
wander	off	-
want	for	02632567
warm	to	00372958
warm	toward	00373250
warm	towards	00373250
warn	against	00870213,00870577
warn	of	00870213
warrant	clause	00891936
wash	against	00217576
wash	for	01536344
wash	over	00217576,00217956,02098179
wash	with	00036362
watch	at	-
watch	by	-
watch	clause	02151966
watch	for	02151966,02455407
waver	between	02640440,02740204
weary	of	00076114
weigh	on	02646064
weight	with	-
weld	to	-
welter	in	00601581,01866030,02086260
whip	through	01102997
whirl	around	02046755
whistle	for	01043612
whore	object	01036047
wilt	object	-
wince	at	00008977,02061069
wind	around	02738701
wink	at	00008299
wish	for	00903212,01824339
withdraw	from	00495998,00799383,01511380,01766952,01994442,02380009,02380760,02428487
wither	object	-
witness	to	-
wobble	object	-
wonder	about	00729378,00925110
wonder	at	00925490
wonder	clause	00925490
work	at	00634906,02413480
work	on	00634906,02373015,02413480,02536557
work	out	00100551,00634906
worry	about	01766748,01767163
worry	at	01251109,01559473
worry	over	01767163
wrangle	with	00774344
wrestle	object	01504699,01868370
wrestle	with	00813495,01092981,01504699
write	to	00993014
yearn	for	01805684,01828405
yell	at	00912833,00913065
yell	object	00912833,00913065
yield	to	00435103,00804476,00806049,01116447,01449796,01848465,02620466,02703289
