# The WRN study's claims in controlled English, one row per claim (D97-era corpus).
# Each row is a result the hand-built chain states with an opaque predicate
# (experiments/publications/wrn-helicase/docs/06-opaque-predicates-to-propositions.md), rendered
# faithfully (style guide R1: one claim per sentence; R2: qualifiers and hedges kept). TAB-separated:
#   predicate <TAB> sentence <TAB> source <TAB> intended <TAB> outcome <TAB> skeleton
# source:   the locator in data/slices/PMC6580861.txt (the PMC author manuscript)
# intended: the proposition the sentence should mean, in readable form
# outcome:  over the full lexicon, cap-only: ENCODED / AMBIG×n / GRAMMAR-GAP / MISSING-LEXEME /
#           NON-PROSE, and for a failure the construction it lacks
# skeleton: the sense-erased skeleton of the reading that is the intended proposition, once
#           reviewed; `-` where none is
TopDifferentialDependency(WRN, Achilles)	Project Achilles identified WRN as the top preferential dependency of MSI cell lines.	body.p2	identify-as(Project Achilles, WRN, the top preferential dependency of MSI cell lines)	AMBIG	§(kind_of(§), the(ΣG#0:§. And(And(gt(§(G#0), §), gt(§(G#0), §)), prep_of(G#0, kind_of(ΣG#1:§. compound_kind(G#1, §))))).1, the(ΣG#0:§. named(G#0, §)).1)
TopDifferentialDependency(WRN, DRIVE)	Project DRIVE identified WRN as the top preferential dependency of MSI cell lines.	body.p2	identify-as(Project DRIVE, WRN, the top preferential dependency of MSI cell lines)	AMBIG; no reading is the claim: `DRIVE` reads as the common noun `drive` (`a project drive`), not a name as `Project Achilles` does	-
SelectivelyEssential(WRN, MSI)	WRN was selectively essential in MSI models.	abstract.p0	essential(WRN) in MSI models, selectively	AMBIG; qualifier dropped: `selectively` is transparent (D62 adverbs), so no reading is the claim	-
SelectivelyEssential(WRN, MSI)	WRN was dispensable in MSS models.	abstract.p0	dispensable(WRN) in MSS models	AMBIG	And(gt(§(kind_of(§)), §), prep_in(kind_of(§), kind_of(ΣG#0:§. compound_kind(G#0, §))))
OnlyMSISelectiveInFamily(WRN, RecQ)	No other RecQ DNA helicase was preferentially essential in MSI cell lines.	body.p2	no x: RecQ helicase, x other than WRN. preferentially essential(x) in MSI cell lines	ENCODED; qualifier dropped: `preferentially` is transparent (D62 adverbs), so no reading is the claim; `other` reads as a gradable adjective, not `other than WRN`	-
StrongBiomarker(MSI, WRN)	MSI is a strong biomarker for WRN dependency.	body.p2	is-a(MSI, strong biomarker for WRN dependency)	AMBIG	is_a(kind_of(§), ΣG#0:§. And(gt(§(G#0), §), prep_for(G#0, kind_of(ΣG#1:§. compound_kind(G#1, §)))))
ElevatedMutatorLoadInCommonLineages(MSI_common, MSI_uncommon)	MSI cell lines from atypical lineages had fewer microsatellite deletions than MSI cell lines from typical lineages.	body.p3	fewer(microsatellite deletions of atypical-lineage MSI lines, than those of typical-lineage MSI lines)	AMBIG	gt(card(ΣG#0:§. compound_kind(G#0, §), kind_of(ΣG#0:§. And(compound_kind(G#0, §), prep_from(G#0, kind_of(ΣG#1:§. gt(§(G#1), §)))))), card(ΣG#0:§. compound_kind(G#0, §), kind_of(ΣG#0:§. And(compound_kind(G#0, §), prep_from(G#0, kind_of(ΣG#1:§. gt(§(G#1), §)))))))
ElevatedMutatorLoadInCommonLineages(MSI_common, MSI_uncommon)	MSI cell lines from atypical lineages had 0.56-fold fewer microsatellite deletions than MSI cell lines from typical lineages.	body.p3	as above, by a measured difference of 0.56-fold	MISSING-LEXEME `0.56-fold`: a digit-initial hyphenated token is a word (D95 decision 3); the differential comparative is D95 slice 7	-
DependencyCorrelatesWithMutatorLoad(WRN, MSI)	WRN dependency correlated with the number of microsatellite deletions in MSI cell lines.	body.p3	correlate(WRN dependency, number of microsatellite deletions) in MSI cell lines	AMBIG; `correlate with` is an adjunct `prep_with`, not a governed relation (D97 decision 6)	And(And(§(kind_of(ΣG#0:§. compound_kind(G#0, §))), prep_with(kind_of(ΣG#0:§. compound_kind(G#0, §)), the(ΣG#0:§. prep_of(G#0, kind_of(ΣG#1:§. compound_kind(G#1, §)))).1)), prep_in(kind_of(ΣG#0:§. compound_kind(G#0, §)), kind_of(ΣG#0:§. compound_kind(G#0, §))))
SelectiveViabilityDependence(WRN, MSI)	WRN depletion impaired the viability of MSI cells.	body.p4	impair(WRN depletion, the viability of MSI cells)	AMBIG	§(the(ΣG#0:§. prep_of(G#0, kind_of(ΣG#1:§. compound_kind(G#1, §)))).1, kind_of(ΣG#0:§. compound_kind(G#0, §)))
SelectiveViabilityDependence(WRN, MSI)	WRN depletion did not impair the viability of MSS cells.	body.p4	not impair(WRN depletion, the viability of MSS cells)	AMBIG	§(the(ΣG#0:§. prep_of(G#0, kind_of(ΣG#1:§. compound_kind(G#1, §)))).1, kind_of(ΣG#0:§. compound_kind(G#0, §))) → False
RescuesDepletion(WRN_cDNA, sgWRN_EIJ)	WRN cDNA rescued KM12 cells from sgWRN-EIJ.	body.p4	rescue-from(WRN cDNA, KM12 cells, sgWRN-EIJ)	MISSING-LEXEME `sgWRN-EIJ`: the paper's reagent name, which the document introduces	-
RescuesDepletion(WRN_cDNA_E84A, sgWRN_EIJ)	Exonuclease-dead WRN cDNA rescued KM12 cells from sgWRN-EIJ.	body.p5	rescue-from(exonuclease-dead WRN cDNA, KM12 cells, sgWRN-EIJ)	MISSING-LEXEME `sgWRN-EIJ`	-
FailsToRescue(WRN_cDNA_K577M, sgWRN_EIJ)	Helicase-dead WRN cDNA did not rescue KM12 cells from sgWRN-EIJ.	body.p5	not rescue-from(helicase-dead WRN cDNA, KM12 cells, sgWRN-EIJ)	MISSING-LEXEME `sgWRN-EIJ`	-
OnTarget(WRN, MSI_viability)	The viability loss in MSI cells is attributable to WRN inactivation.	body.p4	attributable-to(the viability loss in MSI cells, WRN inactivation)	AMBIG	gt(§(kind_of(ΣG#0:§. compound_kind(G#0, §)), the(ΣG#0:§. And(compound_kind(G#0, §), prep_in(G#0, kind_of(ΣG#1:§. compound_kind(G#1, §))))).1), §)
RequiresActivity(WRN, helicase)	MSI cancer models required the helicase activity of WRN.	abstract.p0	require(MSI cancer models, the helicase activity of WRN)	AMBIG; also pinned in experiments/parsing/expected-readings.tsv	§(the(ΣG#0:§. prep_of(G#0, kind_of(§))).1, kind_of(ΣG#0:§. compound_kind(G#0, §)))
DispensableActivity(WRN, exonuclease)	MSI cancer models did not require the exonuclease activity of WRN.	abstract.p0	not require(MSI cancer models, the exonuclease activity of WRN)	AMBIG; also pinned in experiments/parsing/expected-readings.tsv	§(the(ΣG#0:§. prep_of(G#0, kind_of(§))).1, kind_of(ΣG#0:§. compound_kind(G#0, §))) → False
DispensableActivity(WRN, exonuclease)	These data suggest that the exonuclease activity of WRN is dispensable.	body.p5	suggest(these data, dispensable(the exonuclease activity of WRN))	OPEN: `These data` awaits its antecedent in the document	-
InVivoDependence(WRN, MSI)	Induction of shWRN1 significantly impaired tumor growth.	body.p6	impair(induction of shWRN1, tumor growth), significantly	MISSING-LEXEME `shWRN1`	-
InVivoDependence(WRN, MSI)	An shRNA against WRN impaired the viability of a patient-derived organoid from an MSI colon cancer.	body.p6	impair(an shRNA against WRN, the viability of an organoid from an MSI colon cancer)	AMBIG; no reading is the claim: `from an MSI colon cancer` attaches to the shRNA, not the organoid	-
SeedControlInert(WRN, xenograft_growth)	Induction of shWRN1-C911 did not impair tumor growth.	body.p6	not impair(induction of shWRN1-C911, tumor growth)	MISSING-LEXEME `shWRN1-C911`	-
CausesCellCycleArrest(WRN, MSI)	WRN silencing reduced the proportion of MSI cells in S phase.	body.p7	reduce(WRN silencing, the proportion of MSI cells in S phase)	AMBIG	§(the(ΣG#0:§. prep_of(G#0, kind_of(ΣG#1:§. And(compound_kind(G#1, §), prep_in(G#1, kind_of(§)))))).1, kind_of(ΣG#0:§. compound_kind(G#0, §)))
CausesCellCycleArrest(WRN, MSI)	WRN depletion promoted cell cycle arrest selectively in MSI models.	abstract.p0	promote(WRN depletion, cell cycle arrest) in MSI models, selectively	AMBIG; qualifier dropped: `selectively` is transparent (D62 adverbs), so no reading is the claim	-
CausesApoptosis(WRN, MSI)	WRN depletion promoted apoptosis selectively in MSI models.	abstract.p0	promote(WRN depletion, apoptosis) in MSI models, selectively	AMBIG; qualifier dropped: `selectively` is transparent (D62 adverbs), so no reading is the claim	-
CausesApoptosis(WRN, MSI)	WRN silencing induced apoptosis in MSI cells.	body.p7	induce(WRN silencing, apoptosis) in MSI cells	AMBIG	And(§(kind_of(§), kind_of(ΣG#0:§. compound_kind(G#0, §))), prep_in(kind_of(ΣG#0:§. compound_kind(G#0, §)), kind_of(ΣG#0:§. compound_kind(G#0, §))))
ModulatesDependence(TP53, WRN)	p53 activity contributes to WRN dependence.	body.p8	contribute-to(p53 activity, WRN dependence)	AMBIG; the governed reading; its `to` is erased from the meaning (D97 decision 6)	§(kind_of(ΣG#0:§. compound_kind(G#0, §)), kind_of(ΣG#0:§. compound_kind(G#0, §)))
ModulatesDependence(TP53, WRN)	p53 activity is not solely responsible for WRN dependence.	body.p8	not solely responsible-for(p53 activity, WRN dependence)	AMBIG; qualifier dropped: `solely` is transparent (D62 adverbs), so no reading is the claim: it reads `p53 activity is not responsible for WRN dependence`, which contradicts `contributes to`	-
ModulatesDependence(TP53, WRN)	MSI cell lines with intact p53 were more sensitive to WRN loss than MSI cell lines with impaired p53.	body.p8	more sensitive-to(MSI lines with intact p53, WRN loss) than MSI lines with impaired p53	AMBIG (32 skeletons; the pin is beyond the first 12)	gt(§(kind_of(ΣG#0:§. compound_kind(G#0, §)), kind_of(ΣG#0:§. And(compound_kind(G#0, §), prep_with(G#0, kind_of(ΣG#1:§. gt(§(G#1), §)))))), §(kind_of(ΣG#0:§. compound_kind(G#0, §)), kind_of(ΣG#0:§. And(compound_kind(G#0, §), prep_with(G#0, kind_of(ΣG#1:§. gt(§(G#1), §)))))))
CausesDSBs(WRN, MSI)	WRN depletion induced double-strand DNA breaks selectively in MSI models.	abstract.p0	induce(WRN depletion, double-strand DNA breaks) in MSI models, selectively	AMBIG; qualifier dropped: `selectively` is transparent (D62 adverbs), so no reading is the claim	-
CausesDSBs(WRN, MSI)	WRN silencing increased γH2AX foci in MSI cells.	body.p9	increase(WRN silencing, γH2AX foci) in MSI cells	MISSING-LEXEME `γH2AX`	-
CausesDSBs(WRN, MSI)	WRN silencing did not increase γH2AX foci in MSS cells.	body.p9	not increase(WRN silencing, γH2AX foci) in MSS cells	MISSING-LEXEME `γH2AX`	-
CausesDSBs(WRN, MSI)	WRN silencing increased 53BP1 foci in MSI cells.	body.p9	increase(WRN silencing, 53BP1 foci) in MSI cells	AMBIG; no reading is the claim, cap-only: `increased` seeds its adjective and `cat_measure` entries first; the transitive verb is its second sense, and a junk reading parses, so the sense cap never widens. Re-measure with the reranker	-
ActivatesDSBResponse(WRN, MSI)	WRN silencing increased phospho-ATM foci in MSI cells.	body.p9	increase(WRN silencing, phospho-ATM foci) in MSI cells	AMBIG; as the 53BP1 row: the transitive `increased` never enters under the cap-only sense order	-
ActivatesDSBResponse(WRN, MSI)	WRN depletion preferentially induces double-strand break responses in MSI cells.	ed-fig7 p0	induce(WRN depletion, double-strand break responses) in MSI cells, preferentially	AMBIG; qualifier dropped: `preferentially` is transparent (D62 adverbs), so no reading is the claim	-
DSBDrivenLethality(WRN, MSI)	These data suggest that double-strand breaks precipitate the lethal effects of WRN loss.	body.p10	suggest(these data, precipitate(DSBs, the lethal effects of WRN loss))	OPEN: `These data` awaits its antecedent. Rewritten from `DSBs`, which fails as a subject (`DSBs precipitate cell death.` has no parse)	-
DSBDrivenLethality(WRN, MSI)	Double-strand breaks are not merely a consequence of cell death.	body.p10	not merely is-a(DSBs, consequence of cell death)	AMBIG; qualifier dropped: `merely` is transparent (D62 adverbs), so no reading is the claim: it reads `not a consequence of cell death`, the opposite claim. Rewritten from `DSBs`	-
NotViaTelomereDefect(WRN, MSI)	We did not observe specific telomeric defects.	body.p10	not observe(we, specific telomeric defects)	AMBIG	§(kind_of(ΣG#0:§. And(compound_kind(G#0, §), gt(§(G#0), §))), speaker) → False
ReducedNucleolarColocalization(WRN, MSI)	MSS cells showed greater colocalization of WRN with fibrillarin than MSI cells.	body.p11	greater(colocalization of WRN with fibrillarin in MSS cells, than in MSI cells)	GRAMMAR-GAP: `greater colocalization … than` has no parse where `greater dependence on WRN than` does. SPECIALIST lists `colocalization` `uncount` and Wiktionary does not, so D97 decision 4 gives it the mass reading	-
NotExplainedByParalogLoss(WRN, MSI)	We found no gene whose loss accounts for the WRN dependency of MSI cell lines.	body.p12	not exists g: gene. account-for(loss of g, the WRN dependency of MSI cell lines)	GRAMMAR-GAP: the genitive relative `whose` (`We found no gene.` parses)	-
MMRRestorationRestoresRepair(HCT116, Ch3plus5)	The transfer of chromosome 3 and chromosome 5 restored MMR activity in HCT116 cells.	body.p13	restore(transfer of chromosomes 3 and 5, MMR activity) in HCT116 cells	AMBIG. Rewritten from `chromosomes 3 and 5`, a noun with coordinated numerals, which has no parse	§(kind_of(ΣG#0:§. And(compound_kind(G#0, §), prep_in(G#0, kind_of(§)))), the(ΣG#0:§. And(prep_of(G#0, kind_of(§)), prep_of(G#0, kind_of(§)))).1)
RestorationPartiallyRescues(dMMR, WRN)	The transfer of chromosome 3 and chromosome 5 partially rescued HCT116 cells from WRN silencing.	body.p13	rescue-from(transfer of chromosomes 3 and 5, HCT116 cells, WRN silencing), partially	AMBIG; qualifier dropped: `partially` is transparent (D62 adverbs), so no reading is the claim: it reads a full rescue. Rewritten from `chromosomes 3 and 5`	-
RestorationPartiallyRescues(dMMR, WRN)	The transfer of chromosome 3 and chromosome 5 suppressed DSB accumulation in HCT116 cells.	body.p13	suppress(transfer of chromosomes 3 and 5, DSB accumulation) in HCT116 cells	AMBIG. Rewritten from `chromosomes 3 and 5`	And(§(kind_of(ΣG#0:§. compound_kind(G#0, §)), the(ΣG#0:§. And(prep_of(G#0, kind_of(§)), prep_of(G#0, kind_of(§)))).1), prep_in(the(ΣG#0:§. And(prep_of(G#0, kind_of(§)), prep_of(G#0, kind_of(§)))).1, kind_of(§)))
ContributesToDependence(dMMR, WRN)	MMR deficiency contributes to WRN dependency.	ed-fig10 p0	contribute-to(MMR deficiency, WRN dependency)	AMBIG; the governed reading, `to` erased (D97 decision 6)	§(kind_of(ΣG#0:§. compound_kind(G#0, §)), kind_of(§))
ContributesToDependence(dMMR, WRN)	MMR deficiency alone does not fully explain WRN dependency.	body.p14	not fully explain(MMR deficiency alone, WRN dependency)	AMBIG; qualifier dropped: `fully` is transparent (D62 adverbs), so no reading is the claim: it reads `does not explain`, which contradicts `contributes to`	-
SyntheticLethal(WRN, MSI)	WRN is a synthetic lethal target in MSI cancers.	body.p15	is-a(WRN, synthetic lethal target in MSI cancers)	AMBIG	is_a(kind_of(§), ΣG#0:§. And(compound_kind(G#0, §), prep_in(G#0, kind_of(ΣG#1:§. compound_kind(G#1, §)))))
SyntheticLethal(WRN, MSI)	WRN is a synthetic lethal partner with MSI.	fig2 p0	is-a(WRN, synthetic lethal partner with MSI)	AMBIG	is_a(kind_of(§), ΣG#0:§. And(compound_kind(G#0, §), prep_with(G#0, kind_of(§))))
SyntheticLethal (definition)	Synthetic lethality is an interaction between two genetic events.	abstract.p0	is-a(synthetic lethality, interaction between two genetic events)	AMBIG; pinned in experiments/parsing/expected-readings.tsv, whose reading (`two` a cardinal) this cap-only run misses; the gate is defined under the recorded replay	-
SyntheticLethal (definition)	The co-occurrence of these two events leads to cell death.	abstract.p0	lead-to(the co-occurrence of the two events, cell death)	OPEN: `these two events` awaits its antecedent; pinned in experiments/parsing/expected-readings.tsv	-
SyntheticLethal (definition)	Each event alone does not lead to cell death.	abstract.p0	every event. not lead-to(the event alone, cell death)	AMBIG; also pinned in experiments/parsing/expected-readings.tsv	ΠG#0:ΣG#0:§. sole(G#0). And(§(λG#1. is_a(G#1, §) → False, G#0.1), prep_to(G#0.1, kind_of(§)))
litclaim:WRNActivitiesSeparable(WRN)	WRN functions as an exonuclease and a helicase.	body.p5	function-as(WRN, exonuclease) and function-as(WRN, helicase)	AMBIG. Rewritten from `as an exonuclease and as a helicase` (a repeated `as` has no parse), and closer to the paper's `as both … exonuclease and … helicase`	And(ΠG#0:Prop. ΠG#1:§. §(G#1, kind_of(§)) → G#0 → G#0, ΠG#0:Prop. ΠG#1:§. §(G#1, kind_of(§)) → G#0 → G#0)
